{"type": "FeatureCollection", "features": [{"type": "Feature", "id": 1, "geometry": {"type": "Point", "coordinates": [-71.07510146899995, 42.30817961200006]}, "properties": {"OBJECTID": 1, "Count_": 386, "Int_Number": 3121, "Location": "Columbia Rd. & Wyola Place", "Dist": "DO", "shape_wkt": "POINT (-71.075101468999947 42.30817961200006)", "POINT_X": -71.07510146899995, "POINT_Y": 42.30817961200006}}, {"type": "Feature", "id": 2, "geometry": {"type": "Point", "coordinates": [-71.07523745199995, 42.345847063000065]}, "properties": {"OBJECTID": 2, "Count_": 388, "Int_Number": 319, "Location": "Columbus Ave. & Dartmouth St.", "Dist": "BP", "shape_wkt": "POINT (-71.075237451999953 42.345847063000065)", "POINT_X": -71.07523745199995, "POINT_Y": 42.345847063000065}}, {"type": "Feature", "id": 3, "geometry": {"type": "Point", "coordinates": [-71.09827912499998, 42.31956011400007]}, "properties": {"OBJECTID": 3, "Count_": 389, "Int_Number": 507, "Location": "Columbus Ave. & Dimock St.", "Dist": "RX", "shape_wkt": "POINT (-71.098279124999976 42.319560114000069)", "POINT_X": -71.09827912499998, "POINT_Y": 42.31956011400007}}, {"type": "Feature", "id": 4, "geometry": {"type": "Point", "coordinates": [-71.08180761199998, 42.340570237000065]}, "properties": {"OBJECTID": 4, "Count_": 390, "Int_Number": 95, "Location": "Columbus Ave. & Massachusetts Ave.", "Dist": "BP", "shape_wkt": "POINT (-71.081807611999977 42.340570237000065)", "POINT_X": -71.08180761199998, "POINT_Y": 42.340570237000065}}, {"type": "Feature", "id": 5, "geometry": {"type": "Point", "coordinates": [-71.08697074399998, 42.33571949000003]}, "properties": {"OBJECTID": 5, "Count_": 391, "Int_Number": 2085, "Location": "Columbus Ave. & Melnea Cass Blvd.", "Dist": "RX", "shape_wkt": "POINT (-71.086970743999984 42.335719490000031)", "POINT_X": -71.08697074399998, "POINT_Y": 42.33571949000003}}, {"type": "Feature", "id": 6, "geometry": {"type": "Point", "coordinates": [-71.07649477699994, 42.34483774200004]}, "properties": {"OBJECTID": 6, "Count_": 393, "Int_Number": 577, "Location": "Columbus Ave. & West Canton St.", "Dist": "BP", "shape_wkt": "POINT (-71.076494776999937 42.344837742000038)", "POINT_X": -71.07649477699994, "POINT_Y": 42.34483774200004}}, {"type": "Feature", "id": 7, "geometry": {"type": "Point", "coordinates": [-71.07852559899999, 42.343194081000036]}, "properties": {"OBJECTID": 7, "Count_": 394, "Int_Number": 320, "Location": "Columbus Ave. & West Newton St.", "Dist": "BP", "shape_wkt": "POINT (-71.078525598999988 42.343194081000036)", "POINT_X": -71.07852559899999, "POINT_Y": 42.343194081000036}}, {"type": "Feature", "id": 8, "geometry": {"type": "Point", "coordinates": [-71.05331137299999, 42.361192653000046]}, "properties": {"OBJECTID": 8, "Count_": 400, "Int_Number": 290, "Location": "Commercial St. & Cross St.", "Dist": "BP", "shape_wkt": "POINT (-71.053311372999985 42.361192653000046)", "POINT_X": -71.05331137299999, "POINT_Y": 42.361192653000046}}, {"type": "Feature", "id": 9, "geometry": {"type": "Point", "coordinates": [-71.05402229199996, 42.36774692400007]}, "properties": {"OBJECTID": 9, "Count_": 401, "Int_Number": 328, "Location": "Commercial St. & Foster St.", "Dist": "BP", "shape_wkt": "POINT (-71.054022291999956 42.367746924000073)", "POINT_X": -71.05402229199996, "POINT_Y": 42.36774692400007}}, {"type": "Feature", "id": 10, "geometry": {"type": "Point", "coordinates": [-71.05251946599998, 42.367188147000036]}, "properties": {"OBJECTID": 10, "Count_": 402, "Int_Number": 424, "Location": "Commercial St. & Hanover St.", "Dist": "BP", "shape_wkt": "POINT (-71.052519465999978 42.367188147000036)", "POINT_X": -71.05251946599998, "POINT_Y": 42.367188147000036}}, {"type": "Feature", "id": 11, "geometry": {"type": "Point", "coordinates": [-71.10505904699994, 42.34973128200005]}, "properties": {"OBJECTID": 11, "Count_": 403, "Int_Number": 1283, "Location": "Commonwealth Ave. & Cummington St.", "Dist": "BP", "shape_wkt": "POINT (-71.105059046999941 42.34973128200005)", "POINT_X": -71.10505904699994, "POINT_Y": 42.34973128200005}}, {"type": "Feature", "id": 12, "geometry": {"type": "Point", "coordinates": [-71.12808927499998, 42.35067954300007]}, "properties": {"OBJECTID": 12, "Count_": 404, "Int_Number": 845, "Location": "Commonwealth Ave. & Fordham St.", "Dist": "AB", "shape_wkt": "POINT (-71.128089274999979 42.350679543000069)", "POINT_X": -71.12808927499998, "POINT_Y": 42.35067954300007}}, {"type": "Feature", "id": 13, "geometry": {"type": "Point", "coordinates": [-71.10361722399995, 42.34976543000005]}, "properties": {"OBJECTID": 13, "Count_": 405, "Int_Number": 457, "Location": "Commonwealth Ave. & Granby St.", "Dist": "BP", "shape_wkt": "POINT (-71.103617223999947 42.349765430000048)", "POINT_X": -71.10361722399995, "POINT_Y": 42.34976543000005}}, {"type": "Feature", "id": 14, "geometry": {"type": "Point", "coordinates": [-71.13407095499997, 42.348630154000034]}, "properties": {"OBJECTID": 14, "Count_": 406, "Int_Number": 459, "Location": "Commonwealth Ave. & Griggs St.", "Dist": "AB", "shape_wkt": "POINT (-71.13407095499997 42.348630154000034)", "POINT_X": -71.13407095499997, "POINT_Y": 42.348630154000034}}, {"type": "Feature", "id": 15, "geometry": {"type": "Point", "coordinates": [-71.13087191899996, 42.350144373000035]}, "properties": {"OBJECTID": 15, "Count_": 407, "Int_Number": 181, "Location": "Commonwealth Ave. & Harvard Ave.", "Dist": "AB", "shape_wkt": "POINT (-71.130871918999958 42.350144373000035)", "POINT_X": -71.13087191899996, "POINT_Y": 42.350144373000035}}, {"type": "Feature", "id": 16, "geometry": {"type": "Point", "coordinates": [-71.09497719699993, 42.348803012000076]}, "properties": {"OBJECTID": 16, "Count_": 408, "Int_Number": 3087, "Location": "Commonwealth Ave. & Kenmore St.", "Dist": "BP", "shape_wkt": "POINT (-71.094977196999935 42.348803012000076)", "POINT_X": -71.09497719699993, "POINT_Y": 42.348803012000076}}, {"type": "Feature", "id": 17, "geometry": {"type": "Point", "coordinates": [-71.14869108899995, 42.34181280000007]}, "properties": {"OBJECTID": 17, "Count_": 409, "Int_Number": 1190, "Location": "Commonwealth Ave. & Leamington Rd.", "Dist": "AB", "shape_wkt": "POINT (-71.148691088999954 42.341812800000071)", "POINT_X": -71.14869108899995, "POINT_Y": 42.34181280000007}}, {"type": "Feature", "id": 18, "geometry": {"type": "Point", "coordinates": [-71.08852035699994, 42.34888917100005]}, "properties": {"OBJECTID": 18, "Count_": 410, "Int_Number": 90, "Location": "Commonwealth Ave. & Massachusetts Ave.", "Dist": "BP", "shape_wkt": "POINT (-71.088520356999936 42.348889171000053)", "POINT_X": -71.08852035699994, "POINT_Y": 42.34888917100005}}, {"type": "Feature", "id": 19, "geometry": {"type": "Point", "coordinates": [-71.15785348599996, 42.33973022600003]}, "properties": {"OBJECTID": 19, "Count_": 412, "Int_Number": 1208, "Location": "Commonwealth Ave. & South St.", "Dist": "AB", "shape_wkt": "POINT (-71.157853485999965 42.339730226000029)", "POINT_X": -71.15785348599996, "POINT_Y": 42.33973022600003}}, {"type": "Feature", "id": 20, "geometry": {"type": "Point", "coordinates": [-71.13299222199998, 42.34961363100007]}, "properties": {"OBJECTID": 20, "Count_": 413, "Int_Number": 880, "Location": "Commonwealth Ave. & Spofford St.", "Dist": "AB", "shape_wkt": "POINT (-71.132992221999984 42.349613631000068)", "POINT_X": -71.13299222199998, "POINT_Y": 42.34961363100007}}, {"type": "Feature", "id": 21, "geometry": {"type": "Point", "coordinates": [-71.10657023699997, 42.34991345700007]}, "properties": {"OBJECTID": 21, "Count_": 414, "Int_Number": 177, "Location": "Commonwealth Ave. & St. Mary's St.", "Dist": "BP", "shape_wkt": "POINT (-71.106570236999971 42.349913457000071)", "POINT_X": -71.10657023699997, "POINT_Y": 42.34991345700007}}, {"type": "Feature", "id": 22, "geometry": {"type": "Point", "coordinates": [-71.14268462299998, 42.34363282900006]}, "properties": {"OBJECTID": 22, "Count_": 416, "Int_Number": 180, "Location": "Commonwealth Ave. & Washington St.", "Dist": "AB", "shape_wkt": "POINT (-71.14268462299998 42.343632829000057)", "POINT_X": -71.14268462299998, "POINT_Y": 42.34363282900006}}, {"type": "Feature", "id": 23, "geometry": {"type": "Point", "coordinates": [-71.03930993599994, 42.382609900000034]}, "properties": {"OBJECTID": 23, "Count_": 434, "Int_Number": 431, "Location": "Condor St. & Meridian St.", "Dist": "EB", "shape_wkt": "POINT (-71.039309935999938 42.382609900000034)", "POINT_X": -71.03930993599994, "POINT_Y": 42.382609900000034}}, {"type": "Feature", "id": 24, "geometry": {"type": "Point", "coordinates": [-71.05567797599997, 42.35563680100006]}, "properties": {"OBJECTID": 24, "Count_": 437, "Int_Number": 362, "Location": "Congress St. & Franklin St.", "Dist": "BP", "shape_wkt": "POINT (-71.05567797599997 42.35563680100006)", "POINT_X": -71.05567797599997, "POINT_Y": 42.35563680100006}}, {"type": "Feature", "id": 25, "geometry": {"type": "Point", "coordinates": [-71.05758292699994, 42.361569717000066]}, "properties": {"OBJECTID": 25, "Count_": 438, "Int_Number": 4035, "Location": "Congress St. & Hanover St.", "Dist": "BP", "shape_wkt": "POINT (-71.057582926999942 42.361569717000066)", "POINT_X": -71.05758292699994, "POINT_Y": 42.361569717000066}}, {"type": "Feature", "id": 26, "geometry": {"type": "Point", "coordinates": [-71.05464248599998, 42.35465452500006]}, "properties": {"OBJECTID": 26, "Count_": 439, "Int_Number": 47, "Location": "Congress St. & High St.", "Dist": "BP", "shape_wkt": "POINT (-71.054642485999977 42.354654525000058)", "POINT_X": -71.05464248599998, "POINT_Y": 42.35465452500006}}, {"type": "Feature", "id": 27, "geometry": {"type": "Point", "coordinates": [-71.05630906599998, 42.35681645300008]}, "properties": {"OBJECTID": 27, "Count_": 440, "Int_Number": 1520, "Location": "Congress St. & Milk St.", "Dist": "BP", "shape_wkt": "POINT (-71.056309065999983 42.356816453000079)", "POINT_X": -71.05630906599998, "POINT_Y": 42.35681645300008}}, {"type": "Feature", "id": 28, "geometry": {"type": "Point", "coordinates": [-71.05412665299997, 42.35416612600005]}, "properties": {"OBJECTID": 28, "Count_": 441, "Int_Number": 3055, "Location": "Congress St. & Purchase St.", "Dist": "BP", "shape_wkt": "POINT (-71.054126652999969 42.354166126000052)", "POINT_X": -71.05412665299997, "POINT_Y": 42.35416612600005}}, {"type": "Feature", "id": 29, "geometry": {"type": "Point", "coordinates": [-71.05680433799995, 42.35886888700003]}, "properties": {"OBJECTID": 29, "Count_": 442, "Int_Number": 52, "Location": "Congress St. & State St.", "Dist": "BP", "shape_wkt": "POINT (-71.056804337999949 42.358868887000028)", "POINT_X": -71.05680433799995, "POINT_Y": 42.35886888700003}}, {"type": "Feature", "id": 30, "geometry": {"type": "Point", "coordinates": [-71.13561782699998, 42.346247034000044]}, "properties": {"OBJECTID": 30, "Count_": 450, "Int_Number": 641, "Location": "Corey Rd. & Kelton St.", "Dist": "AB", "shape_wkt": "POINT (-71.135617826999976 42.346247034000044)", "POINT_X": -71.13561782699998, "POINT_Y": 42.346247034000044}}, {"type": "Feature", "id": 31, "geometry": {"type": "Point", "coordinates": [-71.13826669699995, 42.34414039200004]}, "properties": {"OBJECTID": 31, "Count_": 451, "Int_Number": 640, "Location": "Corey Rd. & Summit Ave.", "Dist": "AB", "shape_wkt": "POINT (-71.138266696999949 42.344140392000043)", "POINT_X": -71.13826669699995, "POINT_Y": 42.34414039200004}}, {"type": "Feature", "id": 32, "geometry": {"type": "Point", "coordinates": [-71.14042892999998, 42.342408103000025]}, "properties": {"OBJECTID": 32, "Count_": 452, "Int_Number": 639, "Location": "Corey Rd. & Washington St.", "Dist": "AB", "shape_wkt": "POINT (-71.140428929999985 42.342408103000025)", "POINT_X": -71.14042892999998, "POINT_Y": 42.342408103000025}}, {"type": "Feature", "id": 33, "geometry": {"type": "Point", "coordinates": [-71.13553403299994, 42.27955536500008]}, "properties": {"OBJECTID": 33, "Count_": 454, "Int_Number": 632, "Location": "Cornell St. & Washington St.", "Dist": "WR", "shape_wkt": "POINT (-71.135534032999942 42.279555365000078)", "POINT_X": -71.13553403299994, "POINT_Y": 42.27955536500008}}, {"type": "Feature", "id": 34, "geometry": {"type": "Point", "coordinates": [-71.05566354299998, 42.36263006300004]}, "properties": {"OBJECTID": 34, "Count_": 458, "Int_Number": 4096, "Location": "Cross St. & Hanover St.", "Dist": "BP", "shape_wkt": "POINT (-71.05566354299998 42.36263006300004)", "POINT_X": -71.05566354299998, "POINT_Y": 42.36263006300004}}, {"type": "Feature", "id": 35, "geometry": {"type": "Point", "coordinates": [-71.11891642099994, 42.27994948000003]}, "properties": {"OBJECTID": 35, "Count_": 463, "Int_Number": 250, "Location": "Cummins Hwy. & Hyde Park Ave.", "Dist": "WR", "shape_wkt": "POINT (-71.118916420999938 42.279949480000028)", "POINT_X": -71.11891642099994, "POINT_Y": 42.27994948000003}}, {"type": "Feature", "id": 36, "geometry": {"type": "Point", "coordinates": [-71.12511350799997, 42.28447771800006]}, "properties": {"OBJECTID": 36, "Count_": 464, "Int_Number": 2262, "Location": "Cummins Hwy. & Sycamore St.", "Dist": "WR", "shape_wkt": "POINT (-71.12511350799997 42.284477718000062)", "POINT_X": -71.12511350799997, "POINT_Y": 42.28447771800006}}, {"type": "Feature", "id": 37, "geometry": {"type": "Point", "coordinates": [-71.12812718399994, 42.28645642200007]}, "properties": {"OBJECTID": 37, "Count_": 465, "Int_Number": 252, "Location": "Cummins Hwy. & Washington St.", "Dist": "WR", "shape_wkt": "POINT (-71.128127183999936 42.286456422000072)", "POINT_X": -71.12812718399994, "POINT_Y": 42.28645642200007}}, {"type": "Feature", "id": 38, "geometry": {"type": "Point", "coordinates": [-71.09828828499997, 42.27026161900005]}, "properties": {"OBJECTID": 38, "Count_": 466, "Int_Number": 1367, "Location": "Cummins Hwy. & Woodhaven St.", "Dist": "DO", "shape_wkt": "POINT (-71.098288284999967 42.270261619000053)", "POINT_X": -71.09828828499997, "POINT_Y": 42.27026161900005}}, {"type": "Feature", "id": 39, "geometry": {"type": "Point", "coordinates": [-71.04787380299996, 42.341340554000055]}, "properties": {"OBJECTID": 39, "Count_": 473, "Int_Number": 4085, "Location": "Cypher & D St.", "Dist": "SB", "shape_wkt": "POINT (-71.047873802999959 42.341340554000055)", "POINT_X": -71.04787380299996, "POINT_Y": 42.341340554000055}}, {"type": "Feature", "id": 40, "geometry": {"type": "Point", "coordinates": [-71.05701887099997, 42.33364800900006]}, "properties": {"OBJECTID": 40, "Count_": 474, "Int_Number": 1128, "Location": "D St. & Dorchester Ave.", "Dist": "SB", "shape_wkt": "POINT (-71.057018870999968 42.333648009000058)", "POINT_X": -71.05701887099997, "POINT_Y": 42.33364800900006}}, {"type": "Feature", "id": 41, "geometry": {"type": "Point", "coordinates": [-71.04215870699994, 42.34621545500005]}, "properties": {"OBJECTID": 41, "Count_": 479, "Int_Number": 374, "Location": "D St. & Summer St.", "Dist": "SB", "shape_wkt": "POINT (-71.042158706999942 42.346215455000049)", "POINT_X": -71.04215870699994, "POINT_Y": 42.34621545500005}}, {"type": "Feature", "id": 42, "geometry": {"type": "Point", "coordinates": [-71.05083464399996, 42.33881654800007]}, "properties": {"OBJECTID": 42, "Count_": 480, "Int_Number": 373, "Location": "D St. & West Broadway", "Dist": "SB", "shape_wkt": "POINT (-71.050834643999963 42.338816548000068)", "POINT_X": -71.05083464399996, "POINT_Y": 42.33881654800007}}, {"type": "Feature", "id": 43, "geometry": {"type": "Point", "coordinates": [-71.04861203599995, 42.34071156700003]}, "properties": {"OBJECTID": 43, "Count_": 481, "Int_Number": 1484, "Location": "D St. & West First St.", "Dist": "SB", "shape_wkt": "POINT (-71.048612035999952 42.340711567000028)", "POINT_X": -71.04861203599995, "POINT_Y": 42.34071156700003}}, {"type": "Feature", "id": 44, "geometry": {"type": "Point", "coordinates": [-71.05387644999996, 42.336254421000035]}, "properties": {"OBJECTID": 44, "Count_": 482, "Int_Number": 540, "Location": "D St. & West Seventh St.", "Dist": "SB", "shape_wkt": "POINT (-71.053876449999962 42.336254421000035)", "POINT_X": -71.05387644999996, "POINT_Y": 42.336254421000035}}, {"type": "Feature", "id": 45, "geometry": {"type": "Point", "coordinates": [-71.04992938599997, 42.33959439200004]}, "properties": {"OBJECTID": 45, "Count_": 483, "Int_Number": 786, "Location": "D St. & West Third St.", "Dist": "SB", "shape_wkt": "POINT (-71.049929385999974 42.339594392000038)", "POINT_X": -71.04992938599997, "POINT_Y": 42.33959439200004}}, {"type": "Feature", "id": 46, "geometry": {"type": "Point", "coordinates": [-71.06622412599995, 42.300327020000054]}, "properties": {"OBJECTID": 46, "Count_": 486, "Int_Number": 2355, "Location": "Dakota St. & Geneva Ave.", "Dist": "DO", "shape_wkt": "POINT (-71.066224125999952 42.300327020000054)", "POINT_X": -71.06622412599995, "POINT_Y": 42.300327020000054}}, {"type": "Feature", "id": 47, "geometry": {"type": "Point", "coordinates": [-71.07871442999993, 42.352863469000056]}, "properties": {"OBJECTID": 47, "Count_": 488, "Int_Number": 750, "Location": "Dartmouth St. & Marlborough St.", "Dist": "BP", "shape_wkt": "POINT (-71.078714429999934 42.352863469000056)", "POINT_X": -71.07871442999993, "POINT_Y": 42.352863469000056}}, {"type": "Feature", "id": 48, "geometry": {"type": "Point", "coordinates": [-71.07773420099994, 42.35089922000003]}, "properties": {"OBJECTID": 48, "Count_": 489, "Int_Number": 824, "Location": "Dartmouth St. & Newbury St.", "Dist": "BP", "shape_wkt": "POINT (-71.077734200999942 42.350899220000031)", "POINT_X": -71.07773420099994, "POINT_Y": 42.35089922000003}}, {"type": "Feature", "id": 49, "geometry": {"type": "Point", "coordinates": [-71.07639892099996, 42.34831642300003]}, "properties": {"OBJECTID": 49, "Count_": 490, "Int_Number": 110, "Location": "Dartmouth St. & Stuart St.", "Dist": "BP", "shape_wkt": "POINT (-71.076398920999964 42.348316423000028)", "POINT_X": -71.07639892099996, "POINT_Y": 42.34831642300003}}, {"type": "Feature", "id": 50, "geometry": {"type": "Point", "coordinates": [-71.07447050799993, 42.34430890500005]}, "properties": {"OBJECTID": 50, "Count_": 491, "Int_Number": 663, "Location": "Dartmouth St. & Warren Ave.", "Dist": "BP", "shape_wkt": "POINT (-71.074470507999933 42.344308905000048)", "POINT_X": -71.07447050799993, "POINT_Y": 42.34430890500005}}, {"type": "Feature", "id": 51, "geometry": {"type": "Point", "coordinates": [-71.05314438999994, 42.33153514300005]}, "properties": {"OBJECTID": 51, "Count_": 523, "Int_Number": 173, "Location": "Dorchester St. & Old Colony Ave.", "Dist": "SB", "shape_wkt": "POINT (-71.053144389999943 42.331535143000053)", "POINT_X": -71.05314438999994, "POINT_Y": 42.33153514300005}}, {"type": "Feature", "id": 52, "geometry": {"type": "Point", "coordinates": [-71.04780280099999, 42.33448269500008]}, "properties": {"OBJECTID": 52, "Count_": 524, "Int_Number": 949, "Location": "Dorchester St. & West Fifth St.", "Dist": "SB", "shape_wkt": "POINT (-71.047802800999989 42.334482695000077)", "POINT_X": -71.04780280099999, "POINT_Y": 42.33448269500008}}, {"type": "Feature", "id": 53, "geometry": {"type": "Point", "coordinates": [-71.07196166699998, 42.337498340000025]}, "properties": {"OBJECTID": 53, "Count_": 550, "Int_Number": 547, "Location": "East Newton St. & Harrison Ave.", "Dist": "BP", "shape_wkt": "POINT (-71.071961666999982 42.337498340000025)", "POINT_X": -71.07196166699998, "POINT_Y": 42.337498340000025}}, {"type": "Feature", "id": 54, "geometry": {"type": "Point", "coordinates": [-71.14983957799996, 42.33768164600008]}, "properties": {"OBJECTID": 54, "Count_": 556, "Int_Number": 800, "Location": "Englewood Ave. & Sutherland St.", "Dist": "AB", "shape_wkt": "POINT (-71.149839577999956 42.337681646000078)", "POINT_X": -71.14983957799996, "POINT_Y": 42.33768164600008}}, {"type": "Feature", "id": 55, "geometry": {"type": "Point", "coordinates": [-71.05716194899998, 42.35208206200008]}, "properties": {"OBJECTID": 55, "Count_": 563, "Int_Number": 377, "Location": "Essex St. & South St.", "Dist": "BP", "shape_wkt": "POINT (-71.057161948999976 42.352082062000079)", "POINT_X": -71.05716194899998, "POINT_Y": 42.35208206200008}}, {"type": "Feature", "id": 56, "geometry": {"type": "Point", "coordinates": [-71.05617801799997, 42.35364308900006]}, "properties": {"OBJECTID": 56, "Count_": 580, "Int_Number": 48, "Location": "Federal St. & High St.", "Dist": "BP", "shape_wkt": "POINT (-71.056178017999969 42.353643089000059)", "POINT_X": -71.05617801799997, "POINT_Y": 42.35364308900006}}, {"type": "Feature", "id": 57, "geometry": {"type": "Point", "coordinates": [-71.10565638099996, 42.33382284000004]}, "properties": {"OBJECTID": 57, "Count_": 583, "Int_Number": 1944, "Location": "Fenwood Rd. & Huntington Ave.", "Dist": "RX", "shape_wkt": "POINT (-71.10565638099996 42.333822840000039)", "POINT_X": -71.10565638099996, "POINT_Y": 42.33382284000004}}, {"type": "Feature", "id": 58, "geometry": {"type": "Point", "coordinates": [-71.10247293999998, 42.30888327500003]}, "properties": {"OBJECTID": 58, "Count_": 586, "Int_Number": 1531, "Location": "Forest Hills St. & Glen Rd.", "Dist": "WR", "shape_wkt": "POINT (-71.102472939999984 42.308883275000028)", "POINT_X": -71.10247293999998, "POINT_Y": 42.30888327500003}}, {"type": "Feature", "id": 59, "geometry": {"type": "Point", "coordinates": [-71.10374882699995, 42.30329626300005]}, "properties": {"OBJECTID": 59, "Count_": 587, "Int_Number": 2047, "Location": "Forest Hills St. & Williams St.", "Dist": "WR", "shape_wkt": "POINT (-71.103748826999947 42.30329626300005)", "POINT_X": -71.10374882699995, "POINT_Y": 42.30329626300005}}, {"type": "Feature", "id": 60, "geometry": {"type": "Point", "coordinates": [-71.07125975799994, 42.28203160000004]}, "properties": {"OBJECTID": 60, "Count_": 603, "Int_Number": 510, "Location": "Fuller St. & Washington St.", "Dist": "DO", "shape_wkt": "POINT (-71.07125975799994 42.282031600000039)", "POINT_X": -71.07125975799994, "POINT_Y": 42.28203160000004}}, {"type": "Feature", "id": 61, "geometry": {"type": "Point", "coordinates": [-71.08510610299999, 42.351143523000076]}, "properties": {"OBJECTID": 61, "Count_": 611, "Int_Number": 865, "Location": "Gloucester St. & Marlborough St.", "Dist": "BP", "shape_wkt": "POINT (-71.085106102999987 42.351143523000076)", "POINT_X": -71.08510610299999, "POINT_Y": 42.351143523000076}}, {"type": "Feature", "id": 62, "geometry": {"type": "Point", "coordinates": [-71.17098259699998, 42.27290497300004]}, "properties": {"OBJECTID": 62, "Count_": 612, "Int_Number": 714, "Location": "Gould St. & Spring St.  / V.A. Hospital", "Dist": "WR", "shape_wkt": "POINT (-71.170982596999977 42.272904973000038)", "POINT_X": -71.17098259699998, "POINT_Y": 42.27290497300004}}, {"type": "Feature", "id": 63, "geometry": {"type": "Point", "coordinates": [-71.06151711999996, 42.350630659000046]}, "properties": {"OBJECTID": 63, "Count_": 626, "Int_Number": 367, "Location": "Harrison Ave. & Kneeland St.", "Dist": "BP", "shape_wkt": "POINT (-71.061517119999962 42.350630659000046)", "POINT_X": -71.06151711999996, "POINT_Y": 42.350630659000046}}, {"type": "Feature", "id": 64, "geometry": {"type": "Point", "coordinates": [-71.06777904199998, 42.340829807000034]}, "properties": {"OBJECTID": 64, "Count_": 631, "Int_Number": 689, "Location": "Harrison Ave. & Waltham St.", "Dist": "BP", "shape_wkt": "POINT (-71.067779041999984 42.340829807000034)", "POINT_X": -71.06777904199998, "POINT_Y": 42.340829807000034}}, {"type": "Feature", "id": 65, "geometry": {"type": "Point", "coordinates": [-71.08304449499997, 42.327998508000064]}, "properties": {"OBJECTID": 65, "Count_": 632, "Int_Number": 784, "Location": "Harrison Ave. & Warren St.", "Dist": "RX", "shape_wkt": "POINT (-71.083044494999967 42.327998508000064)", "POINT_X": -71.08304449499997, "POINT_Y": 42.327998508000064}}, {"type": "Feature", "id": 66, "geometry": {"type": "Point", "coordinates": [-71.05321187199996, 42.35606012300008]}, "properties": {"OBJECTID": 66, "Count_": 642, "Int_Number": 566, "Location": "High St. & Oliver St.", "Dist": "BP", "shape_wkt": "POINT (-71.053211871999963 42.356060123000077)", "POINT_X": -71.05321187199996, "POINT_Y": 42.35606012300008}}, {"type": "Feature", "id": 67, "geometry": {"type": "Point", "coordinates": [-71.05402530699996, 42.35524828900003]}, "properties": {"OBJECTID": 67, "Count_": 643, "Int_Number": 1197, "Location": "High St. & Pearl St.", "Dist": "BP", "shape_wkt": "POINT (-71.054025306999961 42.355248289000031)", "POINT_X": -71.05402530699996, "POINT_Y": 42.35524828900003}}, {"type": "Feature", "id": 68, "geometry": {"type": "Point", "coordinates": [-71.05088865499994, 42.35695920100005]}, "properties": {"OBJECTID": 68, "Count_": 644, "Int_Number": 7004, "Location": "High St. & Purchase St.", "Dist": "BP", "shape_wkt": "POINT (-71.050888654999937 42.356959201000052)", "POINT_X": -71.05088865499994, "POINT_Y": 42.35695920100005}}, {"type": "Feature", "id": 69, "geometry": {"type": "Point", "coordinates": [-71.05698460099995, 42.35327094400003]}, "properties": {"OBJECTID": 69, "Count_": 645, "Int_Number": 60, "Location": "High St. & Summer St.", "Dist": "BP", "shape_wkt": "POINT (-71.056984600999954 42.35327094400003)", "POINT_X": -71.05698460099995, "POINT_Y": 42.35327094400003}}, {"type": "Feature", "id": 70, "geometry": {"type": "Point", "coordinates": [-71.08603413499998, 42.319032649000064]}, "properties": {"OBJECTID": 70, "Count_": 646, "Int_Number": 1561, "Location": "Humboldt Ave. & Martin Luther King Jr. Blvd.", "Dist": "RX", "shape_wkt": "POINT (-71.086034134999977 42.319032649000064)", "POINT_X": -71.08603413499998, "POINT_Y": 42.319032649000064}}, {"type": "Feature", "id": 71, "geometry": {"type": "Point", "coordinates": [-71.08652790899998, 42.31706484100005]}, "properties": {"OBJECTID": 71, "Count_": 647, "Int_Number": 556, "Location": "Humboldt Ave. & Townsend St.", "Dist": "RX", "shape_wkt": "POINT (-71.086527908999983 42.317064841000047)", "POINT_X": -71.08652790899998, "POINT_Y": 42.31706484100005}}, {"type": "Feature", "id": 72, "geometry": {"type": "Point", "coordinates": [-71.08602354299995, 42.32071992200008]}, "properties": {"OBJECTID": 72, "Count_": 648, "Int_Number": 572, "Location": "Humboldt Ave. & Walnut Ave.", "Dist": "RX", "shape_wkt": "POINT (-71.086023542999953 42.32071992200008)", "POINT_X": -71.08602354299995, "POINT_Y": 42.32071992200008}}, {"type": "Feature", "id": 73, "geometry": {"type": "Point", "coordinates": [-71.08832509999996, 42.31461599700003]}, "properties": {"OBJECTID": 73, "Count_": 649, "Int_Number": 947, "Location": "Humboldt Ave. & Waumbeck St.", "Dist": "RX", "shape_wkt": "POINT (-71.088325099999963 42.314615997000033)", "POINT_X": -71.08832509999996, "POINT_Y": 42.31461599700003}}, {"type": "Feature", "id": 74, "geometry": {"type": "Point", "coordinates": [-71.08734805799998, 42.31582401900005]}, "properties": {"OBJECTID": 74, "Count_": 650, "Int_Number": 1723, "Location": "Humboldt Ave. & Wyoming St.", "Dist": "RX", "shape_wkt": "POINT (-71.087348057999975 42.315824019000047)", "POINT_X": -71.08734805799998, "POINT_Y": 42.31582401900005}}, {"type": "Feature", "id": 75, "geometry": {"type": "Point", "coordinates": [-71.12217605699993, 42.26162114400006]}, "properties": {"OBJECTID": 75, "Count_": 668, "Int_Number": 871, "Location": "Hyde Park Ave. & West St.", "Dist": "HP", "shape_wkt": "POINT (-71.122176056999933 42.26162114400006)", "POINT_X": -71.12217605699993, "POINT_Y": 42.26162114400006}}, {"type": "Feature", "id": 76, "geometry": {"type": "Point", "coordinates": [-71.08308134199996, 42.32745736600003]}, "properties": {"OBJECTID": 76, "Count_": 674, "Int_Number": 1969, "Location": "Kearsarge Ave. & Warren St. @ The Boy's Club", "Dist": "RX", "shape_wkt": "POINT (-71.083081341999957 42.327457366000033)", "POINT_X": -71.08308134199996, "POINT_Y": 42.32745736600003}}, {"type": "Feature", "id": 77, "geometry": {"type": "Point", "coordinates": [-71.09125582499996, 42.33603597600006]}, "properties": {"OBJECTID": 77, "Count_": 681, "Int_Number": 1526, "Location": "Leon St. & Ruggles St.", "Dist": "RX", "shape_wkt": "POINT (-71.091255824999962 42.336035976000062)", "POINT_X": -71.09125582499996, "POINT_Y": 42.33603597600006}}, {"type": "Feature", "id": 78, "geometry": {"type": "Point", "coordinates": [-71.06570851499998, 42.34767951200007]}, "properties": {"OBJECTID": 78, "Count_": 695, "Int_Number": 1328, "Location": "Marginal Rd. & Shawmut Ave.", "Dist": "BP", "shape_wkt": "POINT (-71.065708514999983 42.34767951200007)", "POINT_X": -71.06570851499998, "POINT_Y": 42.34767951200007}}, {"type": "Feature", "id": 79, "geometry": {"type": "Point", "coordinates": [-71.08814115499996, 42.34811054900007]}, "properties": {"OBJECTID": 79, "Count_": 704, "Int_Number": 91, "Location": "Massachusetts Ave. & Newbury St.", "Dist": "BP", "shape_wkt": "POINT (-71.08814115499996 42.348110549000069)", "POINT_X": -71.08814115499996, "POINT_Y": 42.34811054900007}}, {"type": "Feature", "id": 80, "geometry": {"type": "Point", "coordinates": [-71.08411993499993, 42.34215712100007]}, "properties": {"OBJECTID": 80, "Count_": 706, "Int_Number": 134, "Location": "Massachusetts Ave. & St. Botolph St.", "Dist": "BP", "shape_wkt": "POINT (-71.084119934999933 42.342157121000071)", "POINT_X": -71.08411993499993, "POINT_Y": 42.34215712100007}}, {"type": "Feature", "id": 81, "geometry": {"type": "Point", "coordinates": [-71.12566722399998, 42.27590755600005]}, "properties": {"OBJECTID": 81, "Count_": 730, "Int_Number": 517, "Location": "Metropolitan Ave. & Poplar St.", "Dist": "WR", "shape_wkt": "POINT (-71.125667223999983 42.27590755600005)", "POINT_X": -71.12566722399998, "POINT_Y": 42.27590755600005}}, {"type": "Feature", "id": 82, "geometry": {"type": "Point", "coordinates": [-71.11568787199997, 42.26042992300006]}, "properties": {"OBJECTID": 82, "Count_": 731, "Int_Number": 1104, "Location": "Metropolitan Ave. & River St.", "Dist": "HP", "shape_wkt": "POINT (-71.115687871999967 42.260429923000061)", "POINT_X": -71.11568787199997, "POINT_Y": 42.26042992300006}}, {"type": "Feature", "id": 83, "geometry": {"type": "Point", "coordinates": [-71.13353475899999, 42.28140809100006]}, "properties": {"OBJECTID": 83, "Count_": 732, "Int_Number": 582, "Location": "Metropolitan Ave. & Washington St.", "Dist": "WR", "shape_wkt": "POINT (-71.133534758999986 42.28140809100006)", "POINT_X": -71.13353475899999, "POINT_Y": 42.28140809100006}}, {"type": "Feature", "id": 84, "geometry": {"type": "Point", "coordinates": [-71.05573589899996, 42.35690479600004]}, "properties": {"OBJECTID": 84, "Count_": 733, "Int_Number": 327, "Location": "Milk St. & Pearl St.", "Dist": "BP", "shape_wkt": "POINT (-71.055735898999956 42.356904796000038)", "POINT_X": -71.05573589899996, "POINT_Y": 42.35690479600004}}, {"type": "Feature", "id": 85, "geometry": {"type": "Point", "coordinates": [-71.05874420799995, 42.356987039000046]}, "properties": {"OBJECTID": 85, "Count_": 735, "Int_Number": 23, "Location": "Milk St. & Washington St.", "Dist": "BP", "shape_wkt": "POINT (-71.058744207999951 42.356987039000046)", "POINT_X": -71.05874420799995, "POINT_Y": 42.356987039000046}}, {"type": "Feature", "id": 86, "geometry": {"type": "Point", "coordinates": [-71.14627014799999, 42.346112909000055]}, "properties": {"OBJECTID": 86, "Count_": 736, "Int_Number": 512, "Location": "Monastery St. & Washington St.", "Dist": "AB", "shape_wkt": "POINT (-71.146270147999985 42.346112909000055)", "POINT_X": -71.14627014799999, "POINT_Y": 42.346112909000055}}, {"type": "Feature", "id": 87, "geometry": {"type": "Point", "coordinates": [-71.04482596499997, 42.318733458000054]}, "properties": {"OBJECTID": 87, "Count_": 742, "Int_Number": 2336, "Location": "Mt. Vernon St. @ Harbor Point Blvd.", "Dist": "SB", "shape_wkt": "POINT (-71.044825964999973 42.318733458000054)", "POINT_X": -71.04482596499997, "POINT_Y": 42.318733458000054}}, {"type": "Feature", "id": 88, "geometry": {"type": "Point", "coordinates": [-71.05449396999995, 42.29593971000003]}, "properties": {"OBJECTID": 88, "Count_": 744, "Int_Number": 469, "Location": "Neponset Ave. & Victory Rd.", "Dist": "DO", "shape_wkt": "POINT (-71.054493969999953 42.295939710000027)", "POINT_X": -71.05449396999995, "POINT_Y": 42.29593971000003}}, {"type": "Feature", "id": 89, "geometry": {"type": "Point", "coordinates": [-71.06223861299998, 42.362199485000076]}, "properties": {"OBJECTID": 89, "Count_": 746, "Int_Number": 4091, "Location": "New Chardon St. @ Bulfinch Pl.", "Dist": "BP", "shape_wkt": "POINT (-71.062238612999977 42.362199485000076)", "POINT_X": -71.06223861299998, "POINT_Y": 42.362199485000076}}, {"type": "Feature", "id": 90, "geometry": {"type": "Point", "coordinates": [-71.08041339199997, 42.28548047700008]}, "properties": {"OBJECTID": 90, "Count_": 751, "Int_Number": 959, "Location": "Norfolk St. & Stanton St.", "Dist": "DO", "shape_wkt": "POINT (-71.080413391999969 42.285480477000078)", "POINT_X": -71.08041339199997, "POINT_Y": 42.28548047700008}}, {"type": "Feature", "id": 91, "geometry": {"type": "Point", "coordinates": [-71.07788166699999, 42.28800677700008]}, "properties": {"OBJECTID": 91, "Count_": 752, "Int_Number": 1065, "Location": "Norfolk St. & Woodrow Ave.", "Dist": "DO", "shape_wkt": "POINT (-71.077881666999986 42.288006777000078)", "POINT_X": -71.07788166699999, "POINT_Y": 42.28800677700008}}, {"type": "Feature", "id": 92, "geometry": {"type": "Point", "coordinates": [-71.12978304199999, 42.36319230700008]}, "properties": {"OBJECTID": 92, "Count_": 756, "Int_Number": 188, "Location": "North Harvard St. & Western Ave.", "Dist": "AB", "shape_wkt": "POINT (-71.129783041999985 42.363192307000077)", "POINT_X": -71.12978304199999, "POINT_Y": 42.36319230700008}}, {"type": "Feature", "id": 93, "geometry": {"type": "Point", "coordinates": [-71.07871845599993, 42.33691067800004]}, "properties": {"OBJECTID": 93, "Count_": 761, "Int_Number": 785, "Location": "Northampton St. & Shawmut Ave.", "Dist": "BP", "shape_wkt": "POINT (-71.078718455999933 42.336910678000038)", "POINT_X": -71.07871845599993, "POINT_Y": 42.33691067800004}}, {"type": "Feature", "id": 94, "geometry": {"type": "Point", "coordinates": [-71.06002910099994, 42.31463239800007]}, "properties": {"OBJECTID": 94, "Count_": 777, "Int_Number": 230, "Location": "Pleasant St. & Stoughton St.", "Dist": "DO", "shape_wkt": "POINT (-71.060029100999941 42.314632398000072)", "POINT_X": -71.06002910099994, "POINT_Y": 42.31463239800007}}, {"type": "Feature", "id": 95, "geometry": {"type": "Point", "coordinates": [-71.09236764099995, 42.33291195100003]}, "properties": {"OBJECTID": 95, "Count_": 781, "Int_Number": 4023, "Location": "Prentiss St. & Tremont St.", "Dist": "RX", "shape_wkt": "POINT (-71.092367640999953 42.332911951000028)", "POINT_X": -71.09236764099995, "POINT_Y": 42.33291195100003}}, {"type": "Feature", "id": 96, "geometry": {"type": "Point", "coordinates": [-71.13543190099995, 42.28839111700006]}, "properties": {"OBJECTID": 96, "Count_": 795, "Int_Number": 771, "Location": "Robert St. & South St.", "Dist": "WR", "shape_wkt": "POINT (-71.135431900999947 42.28839111700006)", "POINT_X": -71.13543190099995, "POINT_Y": 42.28839111700006}}, {"type": "Feature", "id": 97, "geometry": {"type": "Point", "coordinates": [-71.15428886399997, 42.26387880200008]}, "properties": {"OBJECTID": 97, "Count_": 796, "Int_Number": 1003, "Location": "Rockingham Ave. & Washington St.  @ Engine #55", "Dist": "WR", "shape_wkt": "POINT (-71.154288863999966 42.263878802000079)", "POINT_X": -71.15428886399997, "POINT_Y": 42.26387880200008}}, {"type": "Feature", "id": 98, "geometry": {"type": "Point", "coordinates": [-71.16000306699993, 42.25892145600005]}, "properties": {"OBJECTID": 98, "Count_": 797, "Int_Number": 2335, "Location": "Rockland St. & Washington St.", "Dist": "WR", "shape_wkt": "POINT (-71.160003066999934 42.258921456000053)", "POINT_X": -71.16000306699993, "POINT_Y": 42.25892145600005}}, {"type": "Feature", "id": 99, "geometry": {"type": "Point", "coordinates": [-71.08402149499994, 42.33204136300003]}, "properties": {"OBJECTID": 99, "Count_": 799, "Int_Number": 202, "Location": "Ruggles St. & Shawmut Ave.", "Dist": "RX", "shape_wkt": "POINT (-71.084021494999945 42.33204136300003)", "POINT_X": -71.08402149499994, "POINT_Y": 42.33204136300003}}, {"type": "Feature", "id": 100, "geometry": {"type": "Point", "coordinates": [-71.00297091399995, 42.38531592600003]}, "properties": {"OBJECTID": 100, "Count_": 801, "Int_Number": 980, "Location": "Saratoga St. & St. Edward Rd.", "Dist": "EB", "shape_wkt": "POINT (-71.002970913999945 42.385315926000033)", "POINT_X": -71.00297091399995, "POINT_Y": 42.38531592600003}}, {"type": "Feature", "id": 101, "geometry": {"type": "Point", "coordinates": [-71.04849193799998, 42.353167265000025]}, "properties": {"OBJECTID": 101, "Count_": 805, "Int_Number": 3109, "Location": "Seaport Blvd. & Sleeper St.", "Dist": "SB", "shape_wkt": "POINT (-71.048491937999984 42.353167265000025)", "POINT_X": -71.04849193799998, "POINT_Y": 42.353167265000025}}, {"type": "Feature", "id": 102, "geometry": {"type": "Point", "coordinates": [-71.07343472799994, 42.340404328000034]}, "properties": {"OBJECTID": 102, "Count_": 806, "Int_Number": 647, "Location": "Shawmut Ave. & West Brookline St.", "Dist": "BP", "shape_wkt": "POINT (-71.073434727999938 42.340404328000034)", "POINT_X": -71.07343472799994, "POINT_Y": 42.340404328000034}}, {"type": "Feature", "id": 103, "geometry": {"type": "Point", "coordinates": [-71.07455562799998, 42.339660716000026]}, "properties": {"OBJECTID": 103, "Count_": 807, "Int_Number": 545, "Location": "Shawmut Ave. & West Newton St.", "Dist": "BP", "shape_wkt": "POINT (-71.074555627999985 42.339660716000026)", "POINT_X": -71.07455562799998, "POINT_Y": 42.339660716000026}}, {"type": "Feature", "id": 104, "geometry": {"type": "Point", "coordinates": [-71.13417290299998, 42.28889134800005]}, "properties": {"OBJECTID": 104, "Count_": 811, "Int_Number": 770, "Location": "South St. & Walter St.", "Dist": "WR", "shape_wkt": "POINT (-71.134172902999978 42.28889134800005)", "POINT_X": -71.13417290299998, "POINT_Y": 42.28889134800005}}, {"type": "Feature", "id": 105, "geometry": {"type": "Point", "coordinates": [-71.12742037299995, 42.28711840600005]}, "properties": {"OBJECTID": 105, "Count_": 812, "Int_Number": 2165, "Location": "South St. & Washington St. @ Forest Hills MBTA Station Busway Exit (Monitor #253)", "Dist": "WR", "shape_wkt": "POINT (-71.12742037299995 42.287118406000047)", "POINT_X": -71.12742037299995, "POINT_Y": 42.28711840600005}}, {"type": "Feature", "id": 106, "geometry": {"type": "Point", "coordinates": [-71.10132331699998, 42.33296775300005]}, "properties": {"OBJECTID": 106, "Count_": 816, "Int_Number": 138, "Location": "St. Alphonsus St. & Tremont St.", "Dist": "RX", "shape_wkt": "POINT (-71.101323316999981 42.332967753000048)", "POINT_X": -71.10132331699998, "POINT_Y": 42.33296775300005}}, {"type": "Feature", "id": 107, "geometry": {"type": "Point", "coordinates": [-71.14927830299996, 42.33864105300006]}, "properties": {"OBJECTID": 107, "Count_": 818, "Int_Number": 392, "Location": "Strathmore Rd. & Sutherland Rd.", "Dist": "AB", "shape_wkt": "POINT (-71.14927830299996 42.33864105300006)", "POINT_X": -71.14927830299996, "POINT_Y": 42.33864105300006}}, {"type": "Feature", "id": 108, "geometry": {"type": "Point", "coordinates": [-71.04948040099998, 42.34908173800005]}, "properties": {"OBJECTID": 108, "Count_": 1, "Int_Number": 1251, "Location": "A St. & Melcher St.", "Dist": "SB", "shape_wkt": "POINT (-71.049480400999983 42.349081738000052)", "POINT_X": -71.04948040099998, "POINT_Y": 42.34908173800005}}, {"type": "Feature", "id": 109, "geometry": {"type": "Point", "coordinates": [-71.05151095099995, 42.358793484000046]}, "properties": {"OBJECTID": 109, "Count_": 87, "Int_Number": 2006, "Location": "Atlantic Ave. & Milk St.", "Dist": "BP", "shape_wkt": "POINT (-71.051510950999955 42.358793484000046)", "POINT_X": -71.05151095099995, "POINT_Y": 42.358793484000046}}, {"type": "Feature", "id": 110, "geometry": {"type": "Point", "coordinates": [-71.05195796299995, 42.361664860000076]}, "properties": {"OBJECTID": 110, "Count_": 89, "Int_Number": 1964, "Location": "Atlantic Ave. & Richmond", "Dist": "BP", "shape_wkt": "POINT (-71.05195796299995 42.361664860000076)", "POINT_X": -71.05195796299995, "POINT_Y": 42.361664860000076}}, {"type": "Feature", "id": 111, "geometry": {"type": "Point", "coordinates": [-71.05176549599997, 42.359649948000026]}, "properties": {"OBJECTID": 111, "Count_": 90, "Int_Number": 2023, "Location": "Atlantic Ave. & State St.", "Dist": "BP", "shape_wkt": "POINT (-71.051765495999973 42.359649948000026)", "POINT_X": -71.05176549599997, "POINT_Y": 42.359649948000026}}, {"type": "Feature", "id": 112, "geometry": {"type": "Point", "coordinates": [-71.05537014699996, 42.35268365100006]}, "properties": {"OBJECTID": 112, "Count_": 91, "Int_Number": 43, "Location": "Atlantic Ave. & Summer St.", "Dist": "BP", "shape_wkt": "POINT (-71.055370146999962 42.352683651000063)", "POINT_X": -71.05537014699996, "POINT_Y": 42.35268365100006}}, {"type": "Feature", "id": 113, "geometry": {"type": "Point", "coordinates": [-71.12131938399995, 42.351682149000055]}, "properties": {"OBJECTID": 113, "Count_": 104, "Int_Number": 1263, "Location": "Babcock St. & Commonwealth Ave.", "Dist": "BP", "shape_wkt": "POINT (-71.121319383999946 42.351682149000055)", "POINT_X": -71.12131938399995, "POINT_Y": 42.351682149000055}}, {"type": "Feature", "id": 114, "geometry": {"type": "Point", "coordinates": [-71.09358339399995, 42.270114412000055]}, "properties": {"OBJECTID": 114, "Count_": 105, "Int_Number": 849, "Location": "Babson St. & Blue Hill Ave.", "Dist": "DO", "shape_wkt": "POINT (-71.09358339399995 42.270114412000055)", "POINT_X": -71.09358339399995, "POINT_Y": 42.270114412000055}}, {"type": "Feature", "id": 115, "geometry": {"type": "Point", "coordinates": [-71.09256965399999, 42.276484381000046]}, "properties": {"OBJECTID": 115, "Count_": 107, "Int_Number": 1648, "Location": "Babson St. & Norfolk St.", "Dist": "DO", "shape_wkt": "POINT (-71.092569653999988 42.276484381000046)", "POINT_X": -71.09256965399999, "POINT_Y": 42.276484381000046}}, {"type": "Feature", "id": 116, "geometry": {"type": "Point", "coordinates": [-71.16695591399997, 42.277172273000076]}, "properties": {"OBJECTID": 116, "Count_": 108, "Int_Number": 817, "Location": "Baker St. & Gardner St.", "Dist": "WR", "shape_wkt": "POINT (-71.166955913999971 42.277172273000076)", "POINT_X": -71.16695591399997, "POINT_Y": 42.277172273000076}}, {"type": "Feature", "id": 117, "geometry": {"type": "Point", "coordinates": [-71.16715262499997, 42.27580202300004]}, "properties": {"OBJECTID": 117, "Count_": 109, "Int_Number": 727, "Location": "Baker St. & Spring St.", "Dist": "WR", "shape_wkt": "POINT (-71.167152624999972 42.27580202300004)", "POINT_X": -71.16715262499997, "POINT_Y": 42.27580202300004}}, {"type": "Feature", "id": 118, "geometry": {"type": "Point", "coordinates": [-71.11803384799998, 42.308811193000054]}, "properties": {"OBJECTID": 118, "Count_": 111, "Int_Number": 1786, "Location": "Ballard St. & Centre St.", "Dist": "WR", "shape_wkt": "POINT (-71.118033847999982 42.308811193000054)", "POINT_X": -71.11803384799998, "POINT_Y": 42.308811193000054}}, {"type": "Feature", "id": 119, "geometry": {"type": "Point", "coordinates": [-71.07131356399998, 42.355741426000066]}, "properties": {"OBJECTID": 119, "Count_": 117, "Int_Number": 4080, "Location": "Beacon St. & Brimmer St.", "Dist": "BP", "shape_wkt": "POINT (-71.071313563999979 42.355741426000066)", "POINT_X": -71.07131356399998, "POINT_Y": 42.355741426000066}}, {"type": "Feature", "id": 120, "geometry": {"type": "Point", "coordinates": [-71.06943496999997, 42.356223542000066]}, "properties": {"OBJECTID": 120, "Count_": 118, "Int_Number": 65, "Location": "Beacon St. & Charles St.", "Dist": "BP", "shape_wkt": "POINT (-71.069434969999975 42.356223542000066)", "POINT_X": -71.06943496999997, "POINT_Y": 42.356223542000066}}, {"type": "Feature", "id": 121, "geometry": {"type": "Point", "coordinates": [-71.09163569999998, 42.35027503200007]}, "properties": {"OBJECTID": 121, "Count_": 119, "Int_Number": 314, "Location": "Beacon St. & Charlesgate East", "Dist": "BP", "shape_wkt": "POINT (-71.091635699999983 42.35027503200007)", "POINT_X": -71.09163569999998, "POINT_Y": 42.35027503200007}}, {"type": "Feature", "id": 122, "geometry": {"type": "Point", "coordinates": [-71.09163569999998, 42.35027503200007]}, "properties": {"OBJECTID": 122, "Count_": 120, "Int_Number": 152, "Location": "Beacon St. & Charlesgate West", "Dist": "BP", "shape_wkt": "POINT (-71.091635699999983 42.35027503200007)", "POINT_X": -71.09163569999998, "POINT_Y": 42.35027503200007}}, {"type": "Feature", "id": 123, "geometry": {"type": "Point", "coordinates": [-71.07696643099996, 42.35423870500006]}, "properties": {"OBJECTID": 123, "Count_": 122, "Int_Number": 336, "Location": "Beacon St. & Clarendon St.", "Dist": "BP", "shape_wkt": "POINT (-71.07696643099996 42.354238705000057)", "POINT_X": -71.07696643099996, "POINT_Y": 42.35423870500006}}, {"type": "Feature", "id": 124, "geometry": {"type": "Point", "coordinates": [-71.07909458599994, 42.353658591000055]}, "properties": {"OBJECTID": 124, "Count_": 123, "Int_Number": 104, "Location": "Beacon St. & Dartmouth St.", "Dist": "BP", "shape_wkt": "POINT (-71.07909458599994 42.353658591000055)", "POINT_X": -71.07909458599994, "POINT_Y": 42.353658591000055}}, {"type": "Feature", "id": 125, "geometry": {"type": "Point", "coordinates": [-71.08126066799997, 42.35307308800003]}, "properties": {"OBJECTID": 125, "Count_": 124, "Int_Number": 337, "Location": "Beacon St. & Exeter St.", "Dist": "BP", "shape_wkt": "POINT (-71.08126066799997 42.353073088000031)", "POINT_X": -71.08126066799997, "POINT_Y": 42.35307308800003}}, {"type": "Feature", "id": 126, "geometry": {"type": "Point", "coordinates": [-71.08354482199996, 42.35245847300007]}, "properties": {"OBJECTID": 126, "Count_": 125, "Int_Number": 338, "Location": "Beacon St. & Fairfield St.", "Dist": "BP", "shape_wkt": "POINT (-71.083544821999965 42.35245847300007)", "POINT_X": -71.08354482199996, "POINT_Y": 42.35245847300007}}, {"type": "Feature", "id": 127, "geometry": {"type": "Point", "coordinates": [-71.08549979399999, 42.35193112700006]}, "properties": {"OBJECTID": 127, "Count_": 126, "Int_Number": 339, "Location": "Beacon St. & Gloucester St.", "Dist": "BP", "shape_wkt": "POINT (-71.085499793999986 42.351931127000057)", "POINT_X": -71.08549979399999, "POINT_Y": 42.35193112700006}}, {"type": "Feature", "id": 128, "geometry": {"type": "Point", "coordinates": [-71.10924411799994, 42.33698143700008]}, "properties": {"OBJECTID": 128, "Count_": 251, "Int_Number": 1432, "Location": "Brookline Ave. & Francis St.", "Dist": "RX", "shape_wkt": "POINT (-71.109244117999935 42.336981437000077)", "POINT_X": -71.10924411799994, "POINT_Y": 42.33698143700008}}, {"type": "Feature", "id": 129, "geometry": {"type": "Point", "coordinates": [-71.08939985799998, 42.31327472300006]}, "properties": {"OBJECTID": 129, "Count_": 456, "Int_Number": 520, "Location": "Crawford St. & Humboldt Ave.", "Dist": "RX", "shape_wkt": "POINT (-71.089399857999979 42.313274723000063)", "POINT_X": -71.08939985799998, "POINT_Y": 42.31327472300006}}, {"type": "Feature", "id": 130, "geometry": {"type": "Point", "coordinates": [-71.04293909399996, 42.34555119600003]}, "properties": {"OBJECTID": 130, "Count_": 475, "Int_Number": 4062, "Location": "D St. & Fargo St.", "Dist": "SB", "shape_wkt": "POINT (-71.042939093999962 42.345551196000031)", "POINT_X": -71.04293909399996, "POINT_Y": 42.34555119600003}}, {"type": "Feature", "id": 131, "geometry": {"type": "Point", "coordinates": [-71.05529473899998, 42.33505593900003]}, "properties": {"OBJECTID": 131, "Count_": 477, "Int_Number": 147, "Location": "D St. & Old Colony", "Dist": "SB", "shape_wkt": "POINT (-71.055294738999976 42.335055939000029)", "POINT_X": -71.05529473899998, "POINT_Y": 42.33505593900003}}, {"type": "Feature", "id": 132, "geometry": {"type": "Point", "coordinates": [-71.15542346199999, 42.26292153700007]}, "properties": {"OBJECTID": 132, "Count_": 498, "Int_Number": 1752, "Location": "Desoto Rd. & Washington St.", "Dist": "WR", "shape_wkt": "POINT (-71.155423461999987 42.262921537000068)", "POINT_X": -71.15542346199999, "POINT_Y": 42.26292153700007}}, {"type": "Feature", "id": 133, "geometry": {"type": "Point", "coordinates": [-71.05731785899997, 42.35545624500003]}, "properties": {"OBJECTID": 133, "Count_": 499, "Int_Number": 56, "Location": "Devonshire St. & Franklin St.", "Dist": "BP", "shape_wkt": "POINT (-71.057317858999966 42.355456245000028)", "POINT_X": -71.05731785899997, "POINT_Y": 42.35545624500003}}, {"type": "Feature", "id": 134, "geometry": {"type": "Point", "coordinates": [-71.05730760299997, 42.35674346700006]}, "properties": {"OBJECTID": 134, "Count_": 500, "Int_Number": 55, "Location": "Devonshire St. & Milk St.", "Dist": "BP", "shape_wkt": "POINT (-71.05730760299997 42.356743467000058)", "POINT_X": -71.05730760299997, "POINT_Y": 42.35674346700006}}, {"type": "Feature", "id": 135, "geometry": {"type": "Point", "coordinates": [-71.05733138699998, 42.35757433300006]}, "properties": {"OBJECTID": 135, "Count_": 501, "Int_Number": 54, "Location": "Devonshire St. & Water St.", "Dist": "BP", "shape_wkt": "POINT (-71.057331386999977 42.357574333000059)", "POINT_X": -71.05733138699998, "POINT_Y": 42.35757433300006}}, {"type": "Feature", "id": 136, "geometry": {"type": "Point", "coordinates": [-71.09530094399997, 42.318829666000056]}, "properties": {"OBJECTID": 136, "Count_": 502, "Int_Number": 4089, "Location": "Dimock St. & Washington St.", "Dist": "RX", "shape_wkt": "POINT (-71.095300943999973 42.318829666000056)", "POINT_X": -71.09530094399997, "POINT_Y": 42.318829666000056}}, {"type": "Feature", "id": 137, "geometry": {"type": "Point", "coordinates": [-71.05712325099995, 42.33891434900005]}, "properties": {"OBJECTID": 137, "Count_": 504, "Int_Number": 2307, "Location": "Dorchester Ave. & Haul Rd.", "Dist": "SB", "shape_wkt": "POINT (-71.05712325099995 42.338914349000049)", "POINT_X": -71.05712325099995, "POINT_Y": 42.33891434900005}}, {"type": "Feature", "id": 138, "geometry": {"type": "Point", "coordinates": [-71.05712862399997, 42.337932598000066]}, "properties": {"OBJECTID": 138, "Count_": 505, "Int_Number": 271, "Location": "Dorchester Ave. & Old Colony Ave.", "Dist": "SB", "shape_wkt": "POINT (-71.057128623999972 42.337932598000066)", "POINT_X": -71.05712862399997, "POINT_Y": 42.337932598000066}}, {"type": "Feature", "id": 139, "geometry": {"type": "Point", "coordinates": [-71.06064244399994, 42.298626729000034]}, "properties": {"OBJECTID": 139, "Count_": 506, "Int_Number": 356, "Location": "Dorchester Ave. & Park St.", "Dist": "DO", "shape_wkt": "POINT (-71.060642443999939 42.298626729000034)", "POINT_X": -71.06064244399994, "POINT_Y": 42.298626729000034}}, {"type": "Feature", "id": 140, "geometry": {"type": "Point", "coordinates": [-71.06761323899997, 42.273905385000035]}, "properties": {"OBJECTID": 140, "Count_": 507, "Int_Number": 721, "Location": "Dorchester Ave. & Richmond St.", "Dist": "DO", "shape_wkt": "POINT (-71.067613238999968 42.273905385000035)", "POINT_X": -71.06761323899997, "POINT_Y": 42.273905385000035}}, {"type": "Feature", "id": 141, "geometry": {"type": "Point", "coordinates": [-71.05721041499999, 42.31297803000007]}, "properties": {"OBJECTID": 141, "Count_": 508, "Int_Number": 344, "Location": "Dorchester Ave. & Savin Hill Ave.", "Dist": "DO", "shape_wkt": "POINT (-71.057210414999986 42.312978030000068)", "POINT_X": -71.05721041499999, "POINT_Y": 42.31297803000007}}, {"type": "Feature", "id": 142, "geometry": {"type": "Point", "coordinates": [-71.05286469499998, 42.35141345100004]}, "properties": {"OBJECTID": 142, "Count_": 509, "Int_Number": 46, "Location": "Dorchester Ave. & Summer St.", "Dist": "BP", "shape_wkt": "POINT (-71.052864694999982 42.351413451000042)", "POINT_X": -71.05286469499998, "POINT_Y": 42.35141345100004}}, {"type": "Feature", "id": 143, "geometry": {"type": "Point", "coordinates": [-71.05670555099994, 42.31712999200005]}, "properties": {"OBJECTID": 143, "Count_": 510, "Int_Number": 4041, "Location": "Dorchester Ave. & Taft St.", "Dist": "DO", "shape_wkt": "POINT (-71.056705550999936 42.317129992000048)", "POINT_X": -71.05670555099994, "POINT_Y": 42.31712999200005}}, {"type": "Feature", "id": 144, "geometry": {"type": "Point", "coordinates": [-71.06648851899996, 42.27797312900003]}, "properties": {"OBJECTID": 144, "Count_": 511, "Int_Number": 807, "Location": "Dorchester Ave. & Valley Rd.", "Dist": "DO", "shape_wkt": "POINT (-71.066488518999961 42.277973129000031)", "POINT_X": -71.06648851899996, "POINT_Y": 42.27797312900003}}, {"type": "Feature", "id": 145, "geometry": {"type": "Point", "coordinates": [-71.05715315999998, 42.34159696300003]}, "properties": {"OBJECTID": 145, "Count_": 512, "Int_Number": 309, "Location": "Dorchester Ave. & West Fourth St.", "Dist": "SB", "shape_wkt": "POINT (-71.057153159999984 42.341596963000029)", "POINT_X": -71.05715315999998, "POINT_Y": 42.34159696300003}}, {"type": "Feature", "id": 146, "geometry": {"type": "Point", "coordinates": [-71.05668978299997, 42.31544394100007]}, "properties": {"OBJECTID": 146, "Count_": 513, "Int_Number": 960, "Location": "Dorchester Ave. @ Belfort St. & Victoria St.", "Dist": "DO", "shape_wkt": "POINT (-71.056689782999968 42.315443941000069)", "POINT_X": -71.05668978299997, "POINT_Y": 42.31544394100007}}, {"type": "Feature", "id": 147, "geometry": {"type": "Point", "coordinates": [-71.06209540299994, 42.29363764100003]}, "properties": {"OBJECTID": 147, "Count_": 514, "Int_Number": 979, "Location": "Dorchester Ave. @ Centre St.", "Dist": "DO", "shape_wkt": "POINT (-71.062095402999944 42.293637641000032)", "POINT_X": -71.06209540299994, "POINT_Y": 42.29363764100003}}, {"type": "Feature", "id": 148, "geometry": {"type": "Point", "coordinates": [-71.05919286199997, 42.30421338100007]}, "properties": {"OBJECTID": 148, "Count_": 515, "Int_Number": 4026, "Location": "Dorchester Ave. @ Kimball St.", "Dist": "DO", "shape_wkt": "POINT (-71.059192861999975 42.304213381000068)", "POINT_X": -71.05919286199997, "POINT_Y": 42.30421338100007}}, {"type": "Feature", "id": 149, "geometry": {"type": "Point", "coordinates": [-71.06802994999998, 42.34799833900007]}, "properties": {"OBJECTID": 149, "Count_": 696, "Int_Number": 1330, "Location": "Marginal Rd. & Tremont St.", "Dist": "BP", "shape_wkt": "POINT (-71.068029949999982 42.347998339000071)", "POINT_X": -71.06802994999998, "POINT_Y": 42.34799833900007}}, {"type": "Feature", "id": 150, "geometry": {"type": "Point", "coordinates": [-71.05104067999997, 42.332812561000026]}, "properties": {"OBJECTID": 150, "Count_": 522, "Int_Number": 752, "Location": "Dorchester St. & East Eighth St.", "Dist": "SB", "shape_wkt": "POINT (-71.051040679999971 42.332812561000026)", "POINT_X": -71.05104067999997, "POINT_Y": 42.332812561000026}}, {"type": "Feature", "id": 151, "geometry": {"type": "Point", "coordinates": [-71.06435991899997, 42.347338464000075]}, "properties": {"OBJECTID": 151, "Count_": 697, "Int_Number": 1332, "Location": "Marginal Rd. & Washington St.", "Dist": "BP", "shape_wkt": "POINT (-71.064359918999969 42.347338464000075)", "POINT_X": -71.06435991899997, "POINT_Y": 42.347338464000075}}, {"type": "Feature", "id": 152, "geometry": {"type": "Point", "coordinates": [-71.04873122099997, 42.33399743600006]}, "properties": {"OBJECTID": 152, "Count_": 525, "Int_Number": 2161, "Location": "Dorchester St. & West Sixth St.", "Dist": "SB", "shape_wkt": "POINT (-71.048731220999969 42.333997436000061)", "POINT_X": -71.04873122099997, "POINT_Y": 42.33399743600006}}, {"type": "Feature", "id": 153, "geometry": {"type": "Point", "coordinates": [-71.14910298099994, 42.35616767500005]}, "properties": {"OBJECTID": 153, "Count_": 698, "Int_Number": 187, "Location": "Market St. & North Beacon St.", "Dist": "AB", "shape_wkt": "POINT (-71.149102980999942 42.356167675000052)", "POINT_X": -71.14910298099994, "POINT_Y": 42.35616767500005}}, {"type": "Feature", "id": 154, "geometry": {"type": "Point", "coordinates": [-71.07531997299998, 42.326146083000026]}, "properties": {"OBJECTID": 154, "Count_": 528, "Int_Number": 207, "Location": "Dudley St. & Hampden St.  @ Dunmore St.", "Dist": "RX", "shape_wkt": "POINT (-71.075319972999978 42.326146083000026)", "POINT_X": -71.07531997299998, "POINT_Y": 42.326146083000026}}, {"type": "Feature", "id": 155, "geometry": {"type": "Point", "coordinates": [-71.08274800899994, 42.32860567000006]}, "properties": {"OBJECTID": 155, "Count_": 529, "Int_Number": 208, "Location": "Dudley St. & Harrison Ave.", "Dist": "RX", "shape_wkt": "POINT (-71.082748008999943 42.328605670000059)", "POINT_X": -71.08274800899994, "POINT_Y": 42.32860567000006}}, {"type": "Feature", "id": 156, "geometry": {"type": "Point", "coordinates": [-71.08910213499996, 42.35005543300008]}, "properties": {"OBJECTID": 156, "Count_": 699, "Int_Number": 89, "Location": "Marlborough St. & Massachusetts Ave.", "Dist": "BP", "shape_wkt": "POINT (-71.089102134999962 42.35005543300008)", "POINT_X": -71.08910213499996, "POINT_Y": 42.35005543300008}}, {"type": "Feature", "id": 157, "geometry": {"type": "Point", "coordinates": [-71.08347398099994, 42.32869963200005]}, "properties": {"OBJECTID": 157, "Count_": 530, "Int_Number": 209, "Location": "Dudley St. & Warren St.", "Dist": "RX", "shape_wkt": "POINT (-71.083473980999941 42.328699632000053)", "POINT_X": -71.08347398099994, "POINT_Y": 42.32869963200005}}, {"type": "Feature", "id": 158, "geometry": {"type": "Point", "coordinates": [-71.04838900799996, 42.33859773000006]}, "properties": {"OBJECTID": 158, "Count_": 536, "Int_Number": 945, "Location": "E St. & West Third St", "Dist": "SB", "shape_wkt": "POINT (-71.048389007999958 42.33859773000006)", "POINT_X": -71.04838900799996, "POINT_Y": 42.33859773000006}}, {"type": "Feature", "id": 159, "geometry": {"type": "Point", "coordinates": [-71.06435396399996, 42.34350129400008]}, "properties": {"OBJECTID": 159, "Count_": 537, "Int_Number": 366, "Location": "East Berkeley St. & Harrison Ave.", "Dist": "BP", "shape_wkt": "POINT (-71.064353963999963 42.343501294000077)", "POINT_X": -71.06435396399996, "POINT_Y": 42.34350129400008}}, {"type": "Feature", "id": 160, "geometry": {"type": "Point", "coordinates": [-71.06706087799995, 42.34432789300007]}, "properties": {"OBJECTID": 160, "Count_": 538, "Int_Number": 87, "Location": "East Berkeley St. & Shawmut Ave.", "Dist": "BP", "shape_wkt": "POINT (-71.06706087799995 42.34432789300007)", "POINT_X": -71.06706087799995, "POINT_Y": 42.34432789300007}}, {"type": "Feature", "id": 161, "geometry": {"type": "Point", "coordinates": [-71.08859621399995, 42.319976903000054]}, "properties": {"OBJECTID": 161, "Count_": 700, "Int_Number": 1595, "Location": "Martin Luther King Jr. Blvd. & Walnut Ave.", "Dist": "RX", "shape_wkt": "POINT (-71.088596213999949 42.319976903000054)", "POINT_X": -71.08859621399995, "POINT_Y": 42.319976903000054}}, {"type": "Feature", "id": 162, "geometry": {"type": "Point", "coordinates": [-71.06594821099998, 42.34394775800007]}, "properties": {"OBJECTID": 162, "Count_": 539, "Int_Number": 365, "Location": "East Berkeley St. & Washington St.", "Dist": "BP", "shape_wkt": "POINT (-71.065948210999977 42.34394775800007)", "POINT_X": -71.06594821099998, "POINT_Y": 42.34394775800007}}, {"type": "Feature", "id": 163, "geometry": {"type": "Point", "coordinates": [-71.08215689399998, 42.31792440800007]}, "properties": {"OBJECTID": 163, "Count_": 701, "Int_Number": 1611, "Location": "Martin Luther King Jr. Blvd. & Warren St.", "Dist": "RX", "shape_wkt": "POINT (-71.082156893999979 42.317924408000067)", "POINT_X": -71.08215689399998, "POINT_Y": 42.31792440800007}}, {"type": "Feature", "id": 164, "geometry": {"type": "Point", "coordinates": [-71.04426437699993, 42.33549158900007]}, "properties": {"OBJECTID": 164, "Count_": 540, "Int_Number": 625, "Location": "East Broadway & G St.", "Dist": "SB", "shape_wkt": "POINT (-71.044264376999934 42.335491589000071)", "POINT_X": -71.04426437699993, "POINT_Y": 42.33549158900007}}, {"type": "Feature", "id": 165, "geometry": {"type": "Point", "coordinates": [-71.07807951799998, 42.33732612400007]}, "properties": {"OBJECTID": 165, "Count_": 705, "Int_Number": 97, "Location": "Massachusetts Ave. & Shawmut Ave.", "Dist": "BP", "shape_wkt": "POINT (-71.078079517999981 42.337326124000072)", "POINT_X": -71.07807951799998, "POINT_Y": 42.33732612400007}}, {"type": "Feature", "id": 166, "geometry": {"type": "Point", "coordinates": [-71.03542320999998, 42.33564211400005]}, "properties": {"OBJECTID": 166, "Count_": 541, "Int_Number": 304, "Location": "East Broadway & L St.", "Dist": "SB", "shape_wkt": "POINT (-71.035423209999976 42.335642114000052)", "POINT_X": -71.03542320999998, "POINT_Y": 42.33564211400005}}, {"type": "Feature", "id": 167, "geometry": {"type": "Point", "coordinates": [-71.08041845899999, 42.33926685800003]}, "properties": {"OBJECTID": 167, "Count_": 707, "Int_Number": 96, "Location": "Massachusetts Ave. & Tremont St.", "Dist": "BP", "shape_wkt": "POINT (-71.080418458999986 42.33926685800003)", "POINT_X": -71.08041845899999, "POINT_Y": 42.33926685800003}}, {"type": "Feature", "id": 168, "geometry": {"type": "Point", "coordinates": [-71.07094470099997, 42.338325326000074]}, "properties": {"OBJECTID": 168, "Count_": 543, "Int_Number": 661, "Location": "East Brookline St. & Harrison Ave.", "Dist": "BP", "shape_wkt": "POINT (-71.070944700999974 42.338325326000074)", "POINT_X": -71.07094470099997, "POINT_Y": 42.338325326000074}}, {"type": "Feature", "id": 169, "geometry": {"type": "Point", "coordinates": [-71.07707741899998, 42.336498678000055]}, "properties": {"OBJECTID": 169, "Count_": 708, "Int_Number": 98, "Location": "Massachusetts Ave. & Washington St.", "Dist": "BP", "shape_wkt": "POINT (-71.077077418999977 42.336498678000055)", "POINT_X": -71.07707741899998, "POINT_Y": 42.336498678000055}}, {"type": "Feature", "id": 170, "geometry": {"type": "Point", "coordinates": [-71.07321562399994, 42.33648905600006]}, "properties": {"OBJECTID": 170, "Count_": 545, "Int_Number": 467, "Location": "East Concord St. & Harrison Ave.", "Dist": "BP", "shape_wkt": "POINT (-71.073215623999943 42.336489056000062)", "POINT_X": -71.07321562399994, "POINT_Y": 42.33648905600006}}, {"type": "Feature", "id": 171, "geometry": {"type": "Point", "coordinates": [-71.08576951199996, 42.34336709400003]}, "properties": {"OBJECTID": 171, "Count_": 709, "Int_Number": 93, "Location": "Massachusetts Ave. & Westland Ave. @ St. Stephen St.", "Dist": "BP", "shape_wkt": "POINT (-71.085769511999956 42.34336709400003)", "POINT_X": -71.08576951199996, "POINT_Y": 42.34336709400003}}, {"type": "Feature", "id": 172, "geometry": {"type": "Point", "coordinates": [-71.03525792099998, 42.33148823500005]}, "properties": {"OBJECTID": 172, "Count_": 546, "Int_Number": 455, "Location": "East Eighth St. & L St.", "Dist": "SB", "shape_wkt": "POINT (-71.035257920999982 42.331488235000052)", "POINT_X": -71.03525792099998, "POINT_Y": 42.33148823500005}}, {"type": "Feature", "id": 173, "geometry": {"type": "Point", "coordinates": [-71.07167243599997, 42.33223146500006]}, "properties": {"OBJECTID": 173, "Count_": 711, "Int_Number": 1552, "Location": "Massachusetts Ave. @ Gerard St.", "Dist": "RX", "shape_wkt": "POINT (-71.071672435999972 42.332231465000064)", "POINT_X": -71.07167243599997, "POINT_Y": 42.33223146500006}}, {"type": "Feature", "id": 174, "geometry": {"type": "Point", "coordinates": [-71.03992106399994, 42.33387378700007]}, "properties": {"OBJECTID": 174, "Count_": 547, "Int_Number": 1462, "Location": "East Fifth St. & I St.", "Dist": "SB", "shape_wkt": "POINT (-71.039921063999941 42.333873787000073)", "POINT_X": -71.03992106399994, "POINT_Y": 42.33387378700007}}, {"type": "Feature", "id": 175, "geometry": {"type": "Point", "coordinates": [-71.11484039799996, 42.305913728000064]}, "properties": {"OBJECTID": 175, "Count_": 716, "Int_Number": 1738, "Location": "McBride St. & South St.", "Dist": "WR", "shape_wkt": "POINT (-71.114840397999956 42.305913728000064)", "POINT_X": -71.11484039799996, "POINT_Y": 42.305913728000064}}, {"type": "Feature", "id": 176, "geometry": {"type": "Point", "coordinates": [-71.03533134499997, 42.33395480200005]}, "properties": {"OBJECTID": 176, "Count_": 548, "Int_Number": 2242, "Location": "East Fifth St. & L St.", "Dist": "SB", "shape_wkt": "POINT (-71.035331344999975 42.333954802000051)", "POINT_X": -71.03533134499997, "POINT_Y": 42.33395480200005}}, {"type": "Feature", "id": 177, "geometry": {"type": "Point", "coordinates": [-71.06157685599999, 42.380782227000054]}, "properties": {"OBJECTID": 177, "Count_": 718, "Int_Number": 1859, "Location": "Medford St. & Terminal St.", "Dist": "CH", "shape_wkt": "POINT (-71.061576855999988 42.380782227000054)", "POINT_X": -71.06157685599999, "POINT_Y": 42.380782227000054}}, {"type": "Feature", "id": 178, "geometry": {"type": "Point", "coordinates": [-71.08254528099997, 42.33377509300004]}, "properties": {"OBJECTID": 178, "Count_": 720, "Int_Number": 2088, "Location": "Melnea Cass Blvd. & Shawmut Ave.", "Dist": "RX", "shape_wkt": "POINT (-71.082545280999966 42.333775093000042)", "POINT_X": -71.08254528099997, "POINT_Y": 42.33377509300004}}, {"type": "Feature", "id": 179, "geometry": {"type": "Point", "coordinates": [-71.08903410899995, 42.30763132800007]}, "properties": {"OBJECTID": 179, "Count_": 553, "Int_Number": 325, "Location": "Elm Hill Ave. & Seaver St.", "Dist": "RX", "shape_wkt": "POINT (-71.089034108999954 42.30763132800007)", "POINT_X": -71.08903410899995, "POINT_Y": 42.30763132800007}}, {"type": "Feature", "id": 180, "geometry": {"type": "Point", "coordinates": [-71.08095671699994, 42.332867091000026]}, "properties": {"OBJECTID": 180, "Count_": 723, "Int_Number": 2089, "Location": "Melnea Cass Blvd. & Washington St.", "Dist": "RX", "shape_wkt": "POINT (-71.080956716999935 42.332867091000026)", "POINT_X": -71.08095671699994, "POINT_Y": 42.332867091000026}}, {"type": "Feature", "id": 181, "geometry": {"type": "Point", "coordinates": [-71.08354359199996, 42.31309225100006]}, "properties": {"OBJECTID": 181, "Count_": 554, "Int_Number": 580, "Location": "Elm Hill Ave. & Warren St.  @ Waumbeck St.", "Dist": "RX", "shape_wkt": "POINT (-71.083543591999955 42.313092251000057)", "POINT_X": -71.08354359199996, "POINT_Y": 42.31309225100006}}, {"type": "Feature", "id": 182, "geometry": {"type": "Point", "coordinates": [-71.07185780699996, 42.29329437500007]}, "properties": {"OBJECTID": 182, "Count_": 724, "Int_Number": 148, "Location": "Melville Ave. & Washington St.", "Dist": "DO", "shape_wkt": "POINT (-71.071857806999958 42.293294375000073)", "POINT_X": -71.07185780699996, "POINT_Y": 42.29329437500007}}, {"type": "Feature", "id": 183, "geometry": {"type": "Point", "coordinates": [-71.07854642199999, 42.30338729600004]}, "properties": {"OBJECTID": 183, "Count_": 559, "Int_Number": 607, "Location": "Erie St. & Washington St.", "Dist": "DO", "shape_wkt": "POINT (-71.078546421999988 42.303387296000039)", "POINT_X": -71.07854642199999, "POINT_Y": 42.30338729600004}}, {"type": "Feature", "id": 184, "geometry": {"type": "Point", "coordinates": [-71.03924999499998, 42.38054954100005]}, "properties": {"OBJECTID": 184, "Count_": 726, "Int_Number": 983, "Location": "Meridian St. & White St.", "Dist": "EB", "shape_wkt": "POINT (-71.039249994999977 42.38054954100005)", "POINT_X": -71.03924999499998, "POINT_Y": 42.38054954100005}}, {"type": "Feature", "id": 185, "geometry": {"type": "Point", "coordinates": [-71.06139338699995, 42.35250303300006]}, "properties": {"OBJECTID": 185, "Count_": 560, "Int_Number": 1070, "Location": "Essex St. & Harrison Ave.", "Dist": "BP", "shape_wkt": "POINT (-71.061393386999953 42.352503033000062)", "POINT_X": -71.06139338699995, "POINT_Y": 42.35250303300006}}, {"type": "Feature", "id": 186, "geometry": {"type": "Point", "coordinates": [-71.05969816699996, 42.363053077000075]}, "properties": {"OBJECTID": 186, "Count_": 729, "Int_Number": 311, "Location": "Merrimac St. & New Chardon St.", "Dist": "BP", "shape_wkt": "POINT (-71.059698166999965 42.363053077000075)", "POINT_X": -71.05969816699996, "POINT_Y": 42.363053077000075}}, {"type": "Feature", "id": 187, "geometry": {"type": "Point", "coordinates": [-71.05939337799998, 42.35252625700008]}, "properties": {"OBJECTID": 187, "Count_": 561, "Int_Number": 375, "Location": "Essex St. & Kingston St.", "Dist": "BP", "shape_wkt": "POINT (-71.059393377999982 42.352526257000079)", "POINT_X": -71.05939337799998, "POINT_Y": 42.35252625700008}}, {"type": "Feature", "id": 188, "geometry": {"type": "Point", "coordinates": [-71.06875046599998, 42.379059307000034]}, "properties": {"OBJECTID": 188, "Count_": 562, "Int_Number": 2338, "Location": "Essex St. & Main St.", "Dist": "CH", "shape_wkt": "POINT (-71.068750465999983 42.379059307000034)", "POINT_X": -71.06875046599998, "POINT_Y": 42.379059307000034}}, {"type": "Feature", "id": 189, "geometry": {"type": "Point", "coordinates": [-71.06392150799996, 42.36221026800007]}, "properties": {"OBJECTID": 189, "Count_": 765, "Int_Number": 4128, "Location": "O'Connell Way & Staniford St.", "Dist": "BP", "shape_wkt": "POINT (-71.063921507999964 42.362210268000069)", "POINT_X": -71.06392150799996, "POINT_Y": 42.36221026800007}}, {"type": "Feature", "id": 190, "geometry": {"type": "Point", "coordinates": [-71.08089841899994, 42.331048845000055]}, "properties": {"OBJECTID": 190, "Count_": 566, "Int_Number": 573, "Location": "Eustis St. & Harrison Ave.", "Dist": "RX", "shape_wkt": "POINT (-71.080898418999936 42.331048845000055)", "POINT_X": -71.08089841899994, "POINT_Y": 42.331048845000055}}, {"type": "Feature", "id": 191, "geometry": {"type": "Point", "coordinates": [-71.03391967199997, 42.371938717000035]}, "properties": {"OBJECTID": 191, "Count_": 766, "Int_Number": 4027, "Location": "Orleans St. & Porter St.", "Dist": "EB", "shape_wkt": "POINT (-71.033919671999968 42.371938717000035)", "POINT_X": -71.03391967199997, "POINT_Y": 42.371938717000035}}, {"type": "Feature", "id": 192, "geometry": {"type": "Point", "coordinates": [-71.09810894199995, 42.33673037800003]}, "properties": {"OBJECTID": 192, "Count_": 568, "Int_Number": 1532, "Location": "Evans Way & Huntington Ave.", "Dist": "RX", "shape_wkt": "POINT (-71.098108941999953 42.336730378000027)", "POINT_X": -71.09810894199995, "POINT_Y": 42.33673037800003}}, {"type": "Feature", "id": 193, "geometry": {"type": "Point", "coordinates": [-71.05860303499998, 42.35408736200003]}, "properties": {"OBJECTID": 193, "Count_": 767, "Int_Number": 605, "Location": "Otis St. & Summer St.", "Dist": "BP", "shape_wkt": "POINT (-71.058603034999976 42.35408736200003)", "POINT_X": -71.05860303499998, "POINT_Y": 42.35408736200003}}, {"type": "Feature", "id": 194, "geometry": {"type": "Point", "coordinates": [-71.13659950899995, 42.36017361900008]}, "properties": {"OBJECTID": 194, "Count_": 570, "Int_Number": 897, "Location": "Everett St. & Holton St.", "Dist": "AB", "shape_wkt": "POINT (-71.13659950899995 42.360173619000079)", "POINT_X": -71.13659950899995, "POINT_Y": 42.36017361900008}}, {"type": "Feature", "id": 195, "geometry": {"type": "Point", "coordinates": [-71.06702317199995, 42.29686077200006]}, "properties": {"OBJECTID": 195, "Count_": 770, "Int_Number": 591, "Location": "Park St. & Waldeck St.", "Dist": "DO", "shape_wkt": "POINT (-71.067023171999949 42.296860772000059)", "POINT_X": -71.06702317199995, "POINT_Y": 42.29686077200006}}, {"type": "Feature", "id": 196, "geometry": {"type": "Point", "coordinates": [-71.13906028399998, 42.353802753000025]}, "properties": {"OBJECTID": 196, "Count_": 571, "Int_Number": 1336, "Location": "Everett St. & North Beacon St.", "Dist": "AB", "shape_wkt": "POINT (-71.139060283999981 42.353802753000025)", "POINT_X": -71.13906028399998, "POINT_Y": 42.353802753000025}}, {"type": "Feature", "id": 197, "geometry": {"type": "Point", "coordinates": [-71.07211452899998, 42.295505726000044]}, "properties": {"OBJECTID": 197, "Count_": 771, "Int_Number": 539, "Location": "Park St. & Washington St.", "Dist": "DO", "shape_wkt": "POINT (-71.072114528999975 42.295505726000044)", "POINT_X": -71.07211452899998, "POINT_Y": 42.295505726000044}}, {"type": "Feature", "id": 198, "geometry": {"type": "Point", "coordinates": [-71.13531422999995, 42.36318049100004]}, "properties": {"OBJECTID": 198, "Count_": 572, "Int_Number": 756, "Location": "Everett St. & Western Ave.", "Dist": "AB", "shape_wkt": "POINT (-71.135314229999949 42.363180491000037)", "POINT_X": -71.13531422999995, "POINT_Y": 42.36318049100004}}, {"type": "Feature", "id": 199, "geometry": {"type": "Point", "coordinates": [-71.09365813999995, 42.33695964800006]}, "properties": {"OBJECTID": 199, "Count_": 773, "Int_Number": 389, "Location": "Parker St. & Ruggles St.", "Dist": "RX", "shape_wkt": "POINT (-71.093658139999945 42.336959648000061)", "POINT_X": -71.09365813999995, "POINT_Y": 42.33695964800006}}, {"type": "Feature", "id": 200, "geometry": {"type": "Point", "coordinates": [-71.07989022899994, 42.35031782300007]}, "properties": {"OBJECTID": 200, "Count_": 574, "Int_Number": 793, "Location": "Exeter St. & Newbury St.", "Dist": "BP", "shape_wkt": "POINT (-71.079890228999943 42.350317823000069)", "POINT_X": -71.07989022899994, "POINT_Y": 42.35031782300007}}, {"type": "Feature", "id": 201, "geometry": {"type": "Point", "coordinates": [-71.09718927799997, 42.33179052400004]}, "properties": {"OBJECTID": 201, "Count_": 774, "Int_Number": 610, "Location": "Parker St. & Tremont St.", "Dist": "RX", "shape_wkt": "POINT (-71.097189277999973 42.331790524000041)", "POINT_X": -71.09718927799997, "POINT_Y": 42.33179052400004}}, {"type": "Feature", "id": 202, "geometry": {"type": "Point", "coordinates": [-71.15615230599997, 42.35533693100007]}, "properties": {"OBJECTID": 202, "Count_": 577, "Int_Number": 561, "Location": "Faneuil St. & Parsons St.", "Dist": "AB", "shape_wkt": "POINT (-71.156152305999967 42.355336931000068)", "POINT_X": -71.15615230599997, "POINT_Y": 42.35533693100007}}, {"type": "Feature", "id": 203, "geometry": {"type": "Point", "coordinates": [-71.05335722799998, 42.35453428900007]}, "properties": {"OBJECTID": 203, "Count_": 775, "Int_Number": 602, "Location": "Pearl St. & Purchase St.", "Dist": "BP", "shape_wkt": "POINT (-71.053357227999982 42.354534289000071)", "POINT_X": -71.05335722799998, "POINT_Y": 42.35453428900007}}, {"type": "Feature", "id": 204, "geometry": {"type": "Point", "coordinates": [-71.05652267999994, 42.355504229000076]}, "properties": {"OBJECTID": 204, "Count_": 579, "Int_Number": 49, "Location": "Federal St. & Franklin St.", "Dist": "BP", "shape_wkt": "POINT (-71.056522679999944 42.355504229000076)", "POINT_X": -71.05652267999994, "POINT_Y": 42.355504229000076}}, {"type": "Feature", "id": 205, "geometry": {"type": "Point", "coordinates": [-71.11213067599994, 42.32159210200007]}, "properties": {"OBJECTID": 205, "Count_": 776, "Int_Number": 267, "Location": "Perkins St. & South Huntington Ave.", "Dist": "WR", "shape_wkt": "POINT (-71.112130675999936 42.321592102000068)", "POINT_X": -71.11213067599994, "POINT_Y": 42.32159210200007}}, {"type": "Feature", "id": 206, "geometry": {"type": "Point", "coordinates": [-71.09063669499994, 42.33976437600006]}, "properties": {"OBJECTID": 206, "Count_": 589, "Int_Number": 643, "Location": "Forsyth St. & Huntington Ave.", "Dist": "RX", "shape_wkt": "POINT (-71.090636694999944 42.339764376000062)", "POINT_X": -71.09063669499994, "POINT_Y": 42.33976437600006}}, {"type": "Feature", "id": 207, "geometry": {"type": "Point", "coordinates": [-71.09913858899995, 42.265144715000076]}, "properties": {"OBJECTID": 207, "Count_": 788, "Int_Number": 1734, "Location": "Rector Rd. & River St.", "Dist": "DO", "shape_wkt": "POINT (-71.099138588999949 42.265144715000076)", "POINT_X": -71.09913858899995, "POINT_Y": 42.265144715000076}}, {"type": "Feature", "id": 208, "geometry": {"type": "Point", "coordinates": [-71.15711135599997, 42.34905320000007]}, "properties": {"OBJECTID": 208, "Count_": 591, "Int_Number": 1475, "Location": "Foster St. & Washington St.", "Dist": "AB", "shape_wkt": "POINT (-71.157111355999973 42.349053200000071)", "POINT_X": -71.15711135599997, "POINT_Y": 42.34905320000007}}, {"type": "Feature", "id": 209, "geometry": {"type": "Point", "coordinates": [-71.13095114099997, 42.25221053000007]}, "properties": {"OBJECTID": 209, "Count_": 789, "Int_Number": 1318, "Location": "Reservation Rd. & River St.", "Dist": "HP", "shape_wkt": "POINT (-71.130951140999969 42.25221053000007)", "POINT_X": -71.13095114099997, "POINT_Y": 42.25221053000007}}, {"type": "Feature", "id": 210, "geometry": {"type": "Point", "coordinates": [-71.10745273399993, 42.33583927800004]}, "properties": {"OBJECTID": 210, "Count_": 592, "Int_Number": 2330, "Location": "Francis St. & Vining St.", "Dist": "RX", "shape_wkt": "POINT (-71.107452733999935 42.335839278000037)", "POINT_X": -71.10745273399993, "POINT_Y": 42.33583927800004}}, {"type": "Feature", "id": 211, "geometry": {"type": "Point", "coordinates": [-71.06943917099994, 42.272466278000024]}, "properties": {"OBJECTID": 211, "Count_": 790, "Int_Number": 1488, "Location": "River St. & Washington St.", "Dist": "DO", "shape_wkt": "POINT (-71.069439170999942 42.272466278000024)", "POINT_X": -71.06943917099994, "POINT_Y": 42.272466278000024}}, {"type": "Feature", "id": 212, "geometry": {"type": "Point", "coordinates": [-71.05489323999996, 42.35608654200007]}, "properties": {"OBJECTID": 212, "Count_": 593, "Int_Number": 548, "Location": "Franklin St. & Pearl St.", "Dist": "BP", "shape_wkt": "POINT (-71.054893239999956 42.356086542000071)", "POINT_X": -71.05489323999996, "POINT_Y": 42.35608654200007}}, {"type": "Feature", "id": 213, "geometry": {"type": "Point", "coordinates": [-71.10842705299996, 42.26261922700007]}, "properties": {"OBJECTID": 213, "Count_": 791, "Int_Number": 1448, "Location": "River St. & Wood Ave.", "Dist": "HP", "shape_wkt": "POINT (-71.108427052999957 42.262619227000073)", "POINT_X": -71.10842705299996, "POINT_Y": 42.26261922700007}}, {"type": "Feature", "id": 214, "geometry": {"type": "Point", "coordinates": [-71.08646222699997, 42.34144362200004]}, "properties": {"OBJECTID": 214, "Count_": 604, "Int_Number": 363, "Location": "Gainsborough St. & Huntington Ave.", "Dist": "BP", "shape_wkt": "POINT (-71.08646222699997 42.341443622000043)", "POINT_X": -71.08646222699997, "POINT_Y": 42.34144362200004}}, {"type": "Feature", "id": 215, "geometry": {"type": "Point", "coordinates": [-71.13220560899998, 42.363261832000035]}, "properties": {"OBJECTID": 215, "Count_": 849, "Int_Number": 698, "Location": "Western Ave. @ Riverdale St.", "Dist": "AB", "shape_wkt": "POINT (-71.132205608999982 42.363261832000035)", "POINT_X": -71.13220560899998, "POINT_Y": 42.363261832000035}}, {"type": "Feature", "id": 216, "geometry": {"type": "Point", "coordinates": [-71.05550395899996, 42.34183262800008]}, "properties": {"OBJECTID": 216, "Count_": 2, "Int_Number": 1110, "Location": "A St. & West Broadway", "Dist": "SB", "shape_wkt": "POINT (-71.055503958999964 42.341832628000077)", "POINT_X": -71.05550395899996, "POINT_Y": 42.34183262800008}}, {"type": "Feature", "id": 217, "geometry": {"type": "Point", "coordinates": [-71.06246745099997, 42.29809963800005]}, "properties": {"OBJECTID": 217, "Count_": 606, "Int_Number": 739, "Location": "Geneva Ave. & Park St.", "Dist": "DO", "shape_wkt": "POINT (-71.062467450999975 42.298099638000053)", "POINT_X": -71.06246745099997, "POINT_Y": 42.29809963800005}}, {"type": "Feature", "id": 218, "geometry": {"type": "Point", "coordinates": [-71.05632523999998, 42.341123706000076]}, "properties": {"OBJECTID": 218, "Count_": 3, "Int_Number": 417, "Location": "A St. & West Fourth St.", "Dist": "SB", "shape_wkt": "POINT (-71.056325239999978 42.341123706000076)", "POINT_X": -71.05632523999998, "POINT_Y": 42.341123706000076}}, {"type": "Feature", "id": 219, "geometry": {"type": "Point", "coordinates": [-71.06737971399997, 42.301008489000026]}, "properties": {"OBJECTID": 219, "Count_": 607, "Int_Number": 789, "Location": "Geneva Ave. & Westville St.", "Dist": "DO", "shape_wkt": "POINT (-71.067379713999969 42.301008489000026)", "POINT_X": -71.06737971399997, "POINT_Y": 42.301008489000026}}, {"type": "Feature", "id": 220, "geometry": {"type": "Point", "coordinates": [-71.05427976699997, 42.34286035700006]}, "properties": {"OBJECTID": 220, "Count_": 4, "Int_Number": 1984, "Location": "A St. & West Second St.", "Dist": "SB", "shape_wkt": "POINT (-71.054279766999969 42.342860357000063)", "POINT_X": -71.05427976699997, "POINT_Y": 42.34286035700006}}, {"type": "Feature", "id": 221, "geometry": {"type": "Point", "coordinates": [-71.12694836199995, 42.24855748900006]}, "properties": {"OBJECTID": 221, "Count_": 610, "Int_Number": 1109, "Location": "Glenwood Ave. & Hyde Park Ave.", "Dist": "HP", "shape_wkt": "POINT (-71.126948361999951 42.248557489000063)", "POINT_X": -71.12694836199995, "POINT_Y": 42.24855748900006}}, {"type": "Feature", "id": 222, "geometry": {"type": "Point", "coordinates": [-71.05536797399998, 42.28825857500004]}, "properties": {"OBJECTID": 222, "Count_": 9, "Int_Number": 351, "Location": "Adams St. & Ashmont St.", "Dist": "DO", "shape_wkt": "POINT (-71.055367973999978 42.288258575000043)", "POINT_X": -71.05536797399998, "POINT_Y": 42.28825857500004}}, {"type": "Feature", "id": 223, "geometry": {"type": "Point", "coordinates": [-71.05417246499997, 42.27894525700003]}, "properties": {"OBJECTID": 223, "Count_": 613, "Int_Number": 900, "Location": "Granite Ave. & Hill Top St.", "Dist": "DO", "shape_wkt": "POINT (-71.054172464999965 42.278945257000032)", "POINT_X": -71.05417246499997, "POINT_Y": 42.27894525700003}}, {"type": "Feature", "id": 224, "geometry": {"type": "Point", "coordinates": [-71.06409894399997, 42.27326526000007]}, "properties": {"OBJECTID": 224, "Count_": 10, "Int_Number": 755, "Location": "Adams St. & Butler St.", "Dist": "DO", "shape_wkt": "POINT (-71.064098943999966 42.273265260000073)", "POINT_X": -71.06409894399997, "POINT_Y": 42.27326526000007}}, {"type": "Feature", "id": 225, "geometry": {"type": "Point", "coordinates": [-71.05704857099994, 42.29822774400003]}, "properties": {"OBJECTID": 225, "Count_": 12, "Int_Number": 617, "Location": "Adams St. & Gibson St.", "Dist": "DO", "shape_wkt": "POINT (-71.057048570999939 42.29822774400003)", "POINT_X": -71.05704857099994, "POINT_Y": 42.29822774400003}}, {"type": "Feature", "id": 226, "geometry": {"type": "Point", "coordinates": [-71.05474596899995, 42.28035179600005]}, "properties": {"OBJECTID": 226, "Count_": 614, "Int_Number": 345, "Location": "Granite Ave. & Milton St.", "Dist": "DO", "shape_wkt": "POINT (-71.054745968999953 42.280351796000048)", "POINT_X": -71.05474596899995, "POINT_Y": 42.28035179600005}}, {"type": "Feature", "id": 227, "geometry": {"type": "Point", "coordinates": [-71.05814217599993, 42.29933029100005]}, "properties": {"OBJECTID": 227, "Count_": 13, "Int_Number": 357, "Location": "Adams St. & Park St.", "Dist": "DO", "shape_wkt": "POINT (-71.058142175999933 42.299330291000047)", "POINT_X": -71.05814217599993, "POINT_Y": 42.29933029100005}}, {"type": "Feature", "id": 228, "geometry": {"type": "Point", "coordinates": [-71.15706760999996, 42.261351055000034]}, "properties": {"OBJECTID": 228, "Count_": 616, "Int_Number": 256, "Location": "Grove St. & Washington St.", "Dist": "WR", "shape_wkt": "POINT (-71.157067609999956 42.261351055000034)", "POINT_X": -71.15706760999996, "POINT_Y": 42.261351055000034}}, {"type": "Feature", "id": 229, "geometry": {"type": "Point", "coordinates": [-71.06184656599999, 42.27524687600004]}, "properties": {"OBJECTID": 229, "Count_": 14, "Int_Number": 875, "Location": "Adams St. & Richmond St.", "Dist": "DO", "shape_wkt": "POINT (-71.061846565999986 42.27524687600004)", "POINT_X": -71.06184656599999, "POINT_Y": 42.27524687600004}}, {"type": "Feature", "id": 230, "geometry": {"type": "Point", "coordinates": [-71.05721208799997, 42.291429107000056]}, "properties": {"OBJECTID": 230, "Count_": 16, "Int_Number": 1743, "Location": "Adams St. @ Lonsdale St.", "Dist": "DO", "shape_wkt": "POINT (-71.057212087999972 42.291429107000056)", "POINT_X": -71.05721208799997, "POINT_Y": 42.291429107000056}}, {"type": "Feature", "id": 231, "geometry": {"type": "Point", "coordinates": [-71.13137435099998, 42.28343463500005]}, "properties": {"OBJECTID": 231, "Count_": 22, "Int_Number": 1686, "Location": "Albano St. & Washington St.", "Dist": "WR", "shape_wkt": "POINT (-71.131374350999977 42.283434635000049)", "POINT_X": -71.13137435099998, "POINT_Y": 42.28343463500005}}, {"type": "Feature", "id": 232, "geometry": {"type": "Point", "coordinates": [-71.10709316499998, 42.33328234500004]}, "properties": {"OBJECTID": 232, "Count_": 663, "Int_Number": 3133, "Location": "Huntington Ave., Mission St., & St. Albans Rd", "Dist": "RX", "shape_wkt": "POINT (-71.107093164999981 42.333282345000043)", "POINT_X": -71.10709316499998, "POINT_Y": 42.33328234500004}}, {"type": "Feature", "id": 233, "geometry": {"type": "Point", "coordinates": [-71.14831739299996, 42.357430296000075]}, "properties": {"OBJECTID": 233, "Count_": 617, "Int_Number": 3112, "Location": "Guest St. & Market St.", "Dist": "AB", "shape_wkt": "POINT (-71.148317392999957 42.357430296000075)", "POINT_X": -71.14831739299996, "POINT_Y": 42.357430296000075}}, {"type": "Feature", "id": 234, "geometry": {"type": "Point", "coordinates": [-71.07228131899996, 42.332628671000066]}, "properties": {"OBJECTID": 234, "Count_": 673, "Int_Number": 1093, "Location": "JFF Ramp, Massachusetts Ave., Melnea Cass Blvd., & Southampton St.", "Dist": "RX", "shape_wkt": "POINT (-71.072281318999956 42.332628671000066)", "POINT_X": -71.07228131899996, "POINT_Y": 42.332628671000066}}, {"type": "Feature", "id": 235, "geometry": {"type": "Point", "coordinates": [-71.09346664899994, 42.31218037700006]}, "properties": {"OBJECTID": 235, "Count_": 624, "Int_Number": 2069, "Location": "Harold St. & Seaver St.", "Dist": "RX", "shape_wkt": "POINT (-71.093466648999936 42.312180377000061)", "POINT_X": -71.09346664899994, "POINT_Y": 42.31218037700006}}, {"type": "Feature", "id": 236, "geometry": {"type": "Point", "coordinates": [-71.07142922199995, 42.33498207300005]}, "properties": {"OBJECTID": 236, "Count_": 23, "Int_Number": 813, "Location": "Albany St. & East Concord St.", "Dist": "BP", "shape_wkt": "POINT (-71.071429221999949 42.334982073000049)", "POINT_X": -71.07142922199995, "POINT_Y": 42.33498207300005}}, {"type": "Feature", "id": 237, "geometry": {"type": "Point", "coordinates": [-71.05892110899998, 42.34995528800005]}, "properties": {"OBJECTID": 237, "Count_": 678, "Int_Number": 403, "Location": "Kneeland St., Lincoln St., & Ramp X", "Dist": "BP", "shape_wkt": "POINT (-71.058921108999982 42.349955288000046)", "POINT_X": -71.05892110899998, "POINT_Y": 42.34995528800005}}, {"type": "Feature", "id": 238, "geometry": {"type": "Point", "coordinates": [-71.06323916599996, 42.34635093400004]}, "properties": {"OBJECTID": 238, "Count_": 625, "Int_Number": 1122, "Location": "Harrison Ave. & Herald St.", "Dist": "BP", "shape_wkt": "POINT (-71.06323916599996 42.346350934000043)", "POINT_X": -71.06323916599996, "POINT_Y": 42.34635093400004}}, {"type": "Feature", "id": 239, "geometry": {"type": "Point", "coordinates": [-71.06301190899995, 42.350868226000046]}, "properties": {"OBJECTID": 239, "Count_": 679, "Int_Number": 15, "Location": "Kneeland St., Stuart St., & Washington St.", "Dist": "BP", "shape_wkt": "POINT (-71.063011908999954 42.350868226000046)", "POINT_X": -71.06301190899995, "POINT_Y": 42.350868226000046}}, {"type": "Feature", "id": 240, "geometry": {"type": "Point", "coordinates": [-71.07516152199997, 42.33493015500005]}, "properties": {"OBJECTID": 240, "Count_": 627, "Int_Number": 99, "Location": "Harrison Ave. & Massachusetts Ave.", "Dist": "BP", "shape_wkt": "POINT (-71.075161521999974 42.334930155000052)", "POINT_X": -71.07516152199997, "POINT_Y": 42.33493015500005}}, {"type": "Feature", "id": 241, "geometry": {"type": "Point", "coordinates": [-71.07008895499996, 42.33593613200003]}, "properties": {"OBJECTID": 241, "Count_": 24, "Int_Number": 382, "Location": "Albany St. & East Newton St.", "Dist": "BP", "shape_wkt": "POINT (-71.07008895499996 42.335936132000029)", "POINT_X": -71.07008895499996, "POINT_Y": 42.33593613200003}}, {"type": "Feature", "id": 242, "geometry": {"type": "Point", "coordinates": [-71.06490185899997, 42.36576548100004]}, "properties": {"OBJECTID": 242, "Count_": 685, "Int_Number": 2248, "Location": "Lomasney Way, Martha Rd., & Nashua St.", "Dist": "BP", "shape_wkt": "POINT (-71.064901858999974 42.365765481000039)", "POINT_X": -71.06490185899997, "POINT_Y": 42.36576548100004}}, {"type": "Feature", "id": 243, "geometry": {"type": "Point", "coordinates": [-71.07938359499997, 42.332066345000044]}, "properties": {"OBJECTID": 243, "Count_": 628, "Int_Number": 2090, "Location": "Harrison Ave. & Melnea Cass Blvd.", "Dist": "RX", "shape_wkt": "POINT (-71.079383594999967 42.332066345000044)", "POINT_X": -71.07938359499997, "POINT_Y": 42.332066345000044}}, {"type": "Feature", "id": 244, "geometry": {"type": "Point", "coordinates": [-71.06580380799994, 42.37654836200005]}, "properties": {"OBJECTID": 244, "Count_": 690, "Int_Number": 1553, "Location": "Main St., School St., & West School St.", "Dist": "CH", "shape_wkt": "POINT (-71.065803807999941 42.376548362000051)", "POINT_X": -71.06580380799994, "POINT_Y": 42.37654836200005}}, {"type": "Feature", "id": 245, "geometry": {"type": "Point", "coordinates": [-71.06401345399996, 42.344505722000065]}, "properties": {"OBJECTID": 245, "Count_": 630, "Int_Number": 1452, "Location": "Harrison Ave. & Traveler St.", "Dist": "BP", "shape_wkt": "POINT (-71.064013453999962 42.344505722000065)", "POINT_X": -71.06401345399996, "POINT_Y": 42.344505722000065}}, {"type": "Feature", "id": 246, "geometry": {"type": "Point", "coordinates": [-71.06128667099995, 42.345951780000064]}, "properties": {"OBJECTID": 246, "Count_": 25, "Int_Number": 70, "Location": "Albany St. & Herald St.", "Dist": "BP", "shape_wkt": "POINT (-71.061286670999948 42.345951780000064)", "POINT_X": -71.06128667099995, "POINT_Y": 42.345951780000064}}, {"type": "Feature", "id": 247, "geometry": {"type": "Point", "coordinates": [-71.09195989399996, 42.32166760300004]}, "properties": {"OBJECTID": 247, "Count_": 702, "Int_Number": 1592, "Location": "Martin Luther King Jr. Blvd., Valentine St., & Washington St. (Monitor #4100)", "Dist": "RX", "shape_wkt": "POINT (-71.091959893999956 42.321667603000037)", "POINT_X": -71.09195989399996, "POINT_Y": 42.32166760300004}}, {"type": "Feature", "id": 248, "geometry": {"type": "Point", "coordinates": [-71.07846615999995, 42.29680728200003]}, "properties": {"OBJECTID": 248, "Count_": 636, "Int_Number": 511, "Location": "Harvard St. & Norwell St.", "Dist": "DO", "shape_wkt": "POINT (-71.078466159999948 42.296807282000032)", "POINT_X": -71.07846615999995, "POINT_Y": 42.29680728200003}}, {"type": "Feature", "id": 249, "geometry": {"type": "Point", "coordinates": [-71.06962274999995, 42.33008326700008]}, "properties": {"OBJECTID": 249, "Count_": 714, "Int_Number": 697, "Location": "Massachusetts Ave., Pompeii St., & Theo A. Glynn Way", "Dist": "RX", "shape_wkt": "POINT (-71.069622749999951 42.330083267000077)", "POINT_X": -71.06962274999995, "POINT_Y": 42.33008326700008}}, {"type": "Feature", "id": 250, "geometry": {"type": "Point", "coordinates": [-71.07347445799996, 42.33353149700008]}, "properties": {"OBJECTID": 250, "Count_": 26, "Int_Number": 100, "Location": "Albany St. & Massachusetts Ave.", "Dist": "BP", "shape_wkt": "POINT (-71.073474457999964 42.333531497000081)", "POINT_X": -71.07347445799996, "POINT_Y": 42.33353149700008}}, {"type": "Feature", "id": 251, "geometry": {"type": "Point", "coordinates": [-71.09961487499999, 42.282328086000064]}, "properties": {"OBJECTID": 251, "Count_": 637, "Int_Number": 686, "Location": "Harvard St. & Walk Hill St.", "Dist": "DO", "shape_wkt": "POINT (-71.099614874999986 42.282328086000064)", "POINT_X": -71.09961487499999, "POINT_Y": 42.282328086000064}}, {"type": "Feature", "id": 252, "geometry": {"type": "Point", "coordinates": [-71.12520486899996, 42.311856068000054]}, "properties": {"OBJECTID": 252, "Count_": 715, "Int_Number": 862, "Location": "May St., Moss Hill Rd., & Pond St.", "Dist": "WR", "shape_wkt": "POINT (-71.125204868999958 42.311856068000054)", "POINT_X": -71.12520486899996, "POINT_Y": 42.311856068000054}}, {"type": "Feature", "id": 253, "geometry": {"type": "Point", "coordinates": [-71.10522769399995, 42.326111368000056]}, "properties": {"OBJECTID": 253, "Count_": 638, "Int_Number": 1802, "Location": "Heath St. & Schiller St.", "Dist": "RX", "shape_wkt": "POINT (-71.10522769399995 42.326111368000056)", "POINT_X": -71.10522769399995, "POINT_Y": 42.326111368000056}}, {"type": "Feature", "id": 254, "geometry": {"type": "Point", "coordinates": [-71.07694455999996, 42.33122935700004]}, "properties": {"OBJECTID": 254, "Count_": 27, "Int_Number": 2091, "Location": "Albany St. & Melnea Cass Blvd.", "Dist": "BP", "shape_wkt": "POINT (-71.076944559999959 42.331229357000041)", "POINT_X": -71.07694455999996, "POINT_Y": 42.33122935700004}}, {"type": "Feature", "id": 255, "geometry": {"type": "Point", "coordinates": [-71.10843523599993, 42.30552985700007]}, "properties": {"OBJECTID": 255, "Count_": 717, "Int_Number": 986, "Location": "McBride St., Rossmore Rd., & Washington St.", "Dist": "WR", "shape_wkt": "POINT (-71.108435235999934 42.305529857000067)", "POINT_X": -71.10843523599993, "POINT_Y": 42.30552985700007}}, {"type": "Feature", "id": 256, "geometry": {"type": "Point", "coordinates": [-71.08990764899994, 42.34396093100003]}, "properties": {"OBJECTID": 256, "Count_": 639, "Int_Number": 481, "Location": "Hemenway St. & Westland Ave.", "Dist": "BP", "shape_wkt": "POINT (-71.08990764899994 42.343960931000026)", "POINT_X": -71.08990764899994, "POINT_Y": 42.34396093100003}}, {"type": "Feature", "id": 257, "geometry": {"type": "Point", "coordinates": [-71.07005766199995, 42.273578601000054]}, "properties": {"OBJECTID": 257, "Count_": 738, "Int_Number": 1243, "Location": "Morton St., Richmond St., & Washington St.", "Dist": "DO", "shape_wkt": "POINT (-71.070057661999954 42.273578601000054)", "POINT_X": -71.07005766199995, "POINT_Y": 42.273578601000054}}, {"type": "Feature", "id": 258, "geometry": {"type": "Point", "coordinates": [-71.06585582799994, 42.34689937200005]}, "properties": {"OBJECTID": 258, "Count_": 640, "Int_Number": 447, "Location": "Herald St. & Shawmut Ave.", "Dist": "BP", "shape_wkt": "POINT (-71.06585582799994 42.346899372000053)", "POINT_X": -71.06585582799994, "POINT_Y": 42.34689937200005}}, {"type": "Feature", "id": 259, "geometry": {"type": "Point", "coordinates": [-71.07440686199993, 42.33285760600006]}, "properties": {"OBJECTID": 259, "Count_": 28, "Int_Number": 204, "Location": "Albany St. & Northampton St.", "Dist": "BP", "shape_wkt": "POINT (-71.074406861999933 42.332857606000061)", "POINT_X": -71.07440686199993, "POINT_Y": 42.33285760600006}}, {"type": "Feature", "id": 260, "geometry": {"type": "Point", "coordinates": [-71.07072860799997, 42.34077157300004]}, "properties": {"OBJECTID": 260, "Count_": 741, "Int_Number": 1099, "Location": "Msgr. Reynolds Way, Washington St., & West Dedham St.", "Dist": "BP", "shape_wkt": "POINT (-71.070728607999968 42.34077157300004)", "POINT_X": -71.07072860799997, "POINT_Y": 42.34077157300004}}, {"type": "Feature", "id": 261, "geometry": {"type": "Point", "coordinates": [-71.06457128499994, 42.34662833800007]}, "properties": {"OBJECTID": 261, "Count_": 641, "Int_Number": 1127, "Location": "Herald St. & Washington St.", "Dist": "BP", "shape_wkt": "POINT (-71.064571284999943 42.346628338000073)", "POINT_X": -71.06457128499994, "POINT_Y": 42.34662833800007}}, {"type": "Feature", "id": 262, "geometry": {"type": "Point", "coordinates": [-71.05066758699996, 42.29283476100005]}, "properties": {"OBJECTID": 262, "Count_": 745, "Int_Number": 982, "Location": "Neponset Ave., Pope's Hill St., & South Monroe Terr.", "Dist": "DO", "shape_wkt": "POINT (-71.050667586999964 42.292834761000051)", "POINT_X": -71.05066758699996, "POINT_Y": 42.29283476100005}}, {"type": "Feature", "id": 263, "geometry": {"type": "Point", "coordinates": [-71.05806421599993, 42.36352908400005]}, "properties": {"OBJECTID": 263, "Count_": 747, "Int_Number": 1862, "Location": "New Chardon St., North Washington St., & Surface Rd. SB  (w/ Canal St. @ New Chardon St.)", "Dist": "BP", "shape_wkt": "POINT (-71.058064215999934 42.363529084000049)", "POINT_X": -71.05806421599993, "POINT_Y": 42.36352908400005}}, {"type": "Feature", "id": 264, "geometry": {"type": "Point", "coordinates": [-71.06206451199995, 42.34403524800007]}, "properties": {"OBJECTID": 264, "Count_": 30, "Int_Number": 4115, "Location": "Albany St. & Traveler St.", "Dist": "BP", "shape_wkt": "POINT (-71.062064511999949 42.344035248000068)", "POINT_X": -71.06206451199995, "POINT_Y": 42.34403524800007}}, {"type": "Feature", "id": 265, "geometry": {"type": "Point", "coordinates": [-71.10027017899995, 42.33591052000003]}, "properties": {"OBJECTID": 265, "Count_": 652, "Int_Number": 269, "Location": "Huntington Ave. & Longwood Ave.", "Dist": "RX", "shape_wkt": "POINT (-71.100270178999949 42.335910520000027)", "POINT_X": -71.10027017899995, "POINT_Y": 42.33591052000003}}, {"type": "Feature", "id": 266, "geometry": {"type": "Point", "coordinates": [-71.07717988299999, 42.29174993300006]}, "properties": {"OBJECTID": 266, "Count_": 748, "Int_Number": 1921, "Location": "New England Ave., Norwell St., & Talbot Ave.", "Dist": "DO", "shape_wkt": "POINT (-71.077179882999985 42.291749933000062)", "POINT_X": -71.07717988299999, "POINT_Y": 42.29174993300006}}, {"type": "Feature", "id": 267, "geometry": {"type": "Point", "coordinates": [-71.08489616599996, 42.342754755000044]}, "properties": {"OBJECTID": 267, "Count_": 653, "Int_Number": 94, "Location": "Huntington Ave. & Massachusetts Ave.", "Dist": "BP", "shape_wkt": "POINT (-71.084896165999965 42.342754755000044)", "POINT_X": -71.08489616599996, "POINT_Y": 42.342754755000044}}, {"type": "Feature", "id": 268, "geometry": {"type": "Point", "coordinates": [-71.06554387799997, 42.34862491700005]}, "properties": {"OBJECTID": 268, "Count_": 763, "Int_Number": 1922, "Location": "Oak St. West, Shawmut Ave., & Tremont St.", "Dist": "BP", "shape_wkt": "POINT (-71.065543877999971 42.348624917000052)", "POINT_X": -71.06554387799997, "POINT_Y": 42.34862491700005}}, {"type": "Feature", "id": 269, "geometry": {"type": "Point", "coordinates": [-71.06737278799994, 42.39420139400005]}, "properties": {"OBJECTID": 269, "Count_": 35, "Int_Number": 729, "Location": "Alford St. & Dexter St.", "Dist": "CH", "shape_wkt": "POINT (-71.067372787999943 42.394201394000049)", "POINT_X": -71.06737278799994, "POINT_Y": 42.39420139400005}}, {"type": "Feature", "id": 270, "geometry": {"type": "Point", "coordinates": [-71.11209139099998, 42.33199276700003]}, "properties": {"OBJECTID": 270, "Count_": 655, "Int_Number": 206, "Location": "Huntington Ave. & South Huntington Ave.", "Dist": "RX", "shape_wkt": "POINT (-71.112091390999979 42.331992767000031)", "POINT_X": -71.11209139099998, "POINT_Y": 42.33199276700003}}, {"type": "Feature", "id": 271, "geometry": {"type": "Point", "coordinates": [-71.06406017699999, 42.34842858700006]}, "properties": {"OBJECTID": 271, "Count_": 764, "Int_Number": 112, "Location": "Oak St., Oak St. West, & Washington St.", "Dist": "BP", "shape_wkt": "POINT (-71.064060176999988 42.348428587000058)", "POINT_X": -71.06406017699999, "POINT_Y": 42.34842858700006}}, {"type": "Feature", "id": 272, "geometry": {"type": "Point", "coordinates": [-71.10242152299998, 42.335169654000026]}, "properties": {"OBJECTID": 272, "Count_": 656, "Int_Number": 2354, "Location": "Huntington Ave. & Wigglesworth St.", "Dist": "RX", "shape_wkt": "POINT (-71.102421522999975 42.335169654000026)", "POINT_X": -71.10242152299998, "POINT_Y": 42.335169654000026}}, {"type": "Feature", "id": 273, "geometry": {"type": "Point", "coordinates": [-71.06512274299996, 42.324756482000055]}, "properties": {"OBJECTID": 273, "Count_": 40, "Int_Number": 476, "Location": "Allstate Rd. & Massachusetts Ave. @ Boston Edison Co.", "Dist": "DO", "shape_wkt": "POINT (-71.065122742999961 42.324756482000055)", "POINT_X": -71.06512274299996, "POINT_Y": 42.324756482000055}}, {"type": "Feature", "id": 274, "geometry": {"type": "Point", "coordinates": [-71.11817393599995, 42.28987779600004]}, "properties": {"OBJECTID": 274, "Count_": 665, "Int_Number": 881, "Location": "Hyde Park Ave. & Southbourne Rd.", "Dist": "HP", "shape_wkt": "POINT (-71.118173935999948 42.289877796000042)", "POINT_X": -71.11817393599995, "POINT_Y": 42.28987779600004}}, {"type": "Feature", "id": 275, "geometry": {"type": "Point", "coordinates": [-71.06202116499998, 42.356543360000046]}, "properties": {"OBJECTID": 275, "Count_": 772, "Int_Number": 8, "Location": "Park St., Tremont St., & Winter St.", "Dist": "BP", "shape_wkt": "POINT (-71.062021164999976 42.356543360000046)", "POINT_X": -71.06202116499998, "POINT_Y": 42.356543360000046}}, {"type": "Feature", "id": 276, "geometry": {"type": "Point", "coordinates": [-71.11486414699993, 42.29798331100005]}, "properties": {"OBJECTID": 276, "Count_": 666, "Int_Number": 2162, "Location": "Hyde Park Ave. & Ukraine Way", "Dist": "WR", "shape_wkt": "POINT (-71.114864146999935 42.297983311000053)", "POINT_X": -71.11486414699993, "POINT_Y": 42.29798331100005}}, {"type": "Feature", "id": 277, "geometry": {"type": "Point", "coordinates": [-71.05889447099997, 42.31278555700004]}, "properties": {"OBJECTID": 277, "Count_": 778, "Int_Number": 622, "Location": "Pleasant St., Savin Hill Ave., & Sawyer Ave.", "Dist": "DO", "shape_wkt": "POINT (-71.058894470999974 42.312785557000041)", "POINT_X": -71.05889447099997, "POINT_Y": 42.31278555700004}}, {"type": "Feature", "id": 278, "geometry": {"type": "Point", "coordinates": [-71.13444411099994, 42.353235925000035]}, "properties": {"OBJECTID": 278, "Count_": 41, "Int_Number": 1808, "Location": "Allston St. & Brighton Ave.", "Dist": "AB", "shape_wkt": "POINT (-71.134444110999937 42.353235925000035)", "POINT_X": -71.13444411099994, "POINT_Y": 42.353235925000035}}, {"type": "Feature", "id": 279, "geometry": {"type": "Point", "coordinates": [-71.11619723699994, 42.29606556200008]}, "properties": {"OBJECTID": 279, "Count_": 667, "Int_Number": 249, "Location": "Hyde Park Ave. & Walk Hill St.", "Dist": "WR", "shape_wkt": "POINT (-71.116197236999938 42.296065562000081)", "POINT_X": -71.11619723699994, "POINT_Y": 42.29606556200008}}, {"type": "Feature", "id": 280, "geometry": {"type": "Point", "coordinates": [-71.08291004799997, 42.31637808800008]}, "properties": {"OBJECTID": 280, "Count_": 786, "Int_Number": 526, "Location": "Quincy St., Townsend St., & Warren St.", "Dist": "RX", "shape_wkt": "POINT (-71.082910047999974 42.316378088000079)", "POINT_X": -71.08291004799997, "POINT_Y": 42.31637808800008}}, {"type": "Feature", "id": 281, "geometry": {"type": "Point", "coordinates": [-71.06087206899997, 42.350458064000065]}, "properties": {"OBJECTID": 281, "Count_": 677, "Int_Number": 401, "Location": "Kneeland St. & Tyler St.", "Dist": "BP", "shape_wkt": "POINT (-71.06087206899997 42.350458064000065)", "POINT_X": -71.06087206899997, "POINT_Y": 42.350458064000065}}, {"type": "Feature", "id": 282, "geometry": {"type": "Point", "coordinates": [-71.08949859499995, 42.334467052000036]}, "properties": {"OBJECTID": 282, "Count_": 800, "Int_Number": 611, "Location": "Ruggles St., Tremont St., & Whittier St.", "Dist": "RX", "shape_wkt": "POINT (-71.089498594999952 42.334467052000036)", "POINT_X": -71.08949859499995, "POINT_Y": 42.334467052000036}}, {"type": "Feature", "id": 283, "geometry": {"type": "Point", "coordinates": [-71.13779491199995, 42.34832707000004]}, "properties": {"OBJECTID": 283, "Count_": 42, "Int_Number": 335, "Location": "Allston St. & Commonwealth Ave.", "Dist": "AB", "shape_wkt": "POINT (-71.137794911999947 42.348327070000039)", "POINT_X": -71.13779491199995, "POINT_Y": 42.34832707000004}}, {"type": "Feature", "id": 284, "geometry": {"type": "Point", "coordinates": [-71.16049736099995, 42.34888004000004]}, "properties": {"OBJECTID": 284, "Count_": 680, "Int_Number": 726, "Location": "Lake St. & Washington St.", "Dist": "AB", "shape_wkt": "POINT (-71.160497360999955 42.34888004000004)", "POINT_X": -71.16049736099995, "POINT_Y": 42.34888004000004}}, {"type": "Feature", "id": 285, "geometry": {"type": "Point", "coordinates": [-71.08287851499995, 42.32410950500008]}, "properties": {"OBJECTID": 285, "Count_": 840, "Int_Number": 990, "Location": "Walnut Ave., Warren St., & Whiting St.", "Dist": "RX", "shape_wkt": "POINT (-71.082878514999948 42.324109505000081)", "POINT_X": -71.08287851499995, "POINT_Y": 42.32410950500008}}, {"type": "Feature", "id": 286, "geometry": {"type": "Point", "coordinates": [-71.06790818099995, 42.328044815000055]}, "properties": {"OBJECTID": 286, "Count_": 688, "Int_Number": 696, "Location": "Magazine St. & Massachusetts Ave.", "Dist": "RX", "shape_wkt": "POINT (-71.06790818099995 42.328044815000055)", "POINT_X": -71.06790818099995, "POINT_Y": 42.328044815000055}}, {"type": "Feature", "id": 287, "geometry": {"type": "Point", "coordinates": [-71.05978703099998, 42.30148279300005]}, "properties": {"OBJECTID": 287, "Count_": 11, "Int_Number": 228, "Location": "Adams St. & Dorchester Ave. (Fields Corner)", "Dist": "DO", "shape_wkt": "POINT (-71.059787030999985 42.301482793000048)", "POINT_X": -71.05978703099998, "POINT_Y": 42.30148279300005}}, {"type": "Feature", "id": 288, "geometry": {"type": "Point", "coordinates": [-71.13822037399996, 42.34759162100005]}, "properties": {"OBJECTID": 288, "Count_": 43, "Int_Number": 522, "Location": "Allston St. & Kelton St.", "Dist": "AB", "shape_wkt": "POINT (-71.138220373999957 42.347591621000049)", "POINT_X": -71.13822037399996, "POINT_Y": 42.34759162100005}}, {"type": "Feature", "id": 289, "geometry": {"type": "Point", "coordinates": [-71.07148169199996, 42.32668683400004]}, "properties": {"OBJECTID": 289, "Count_": 689, "Int_Number": 527, "Location": "Magazine St. & Norfolk Ave.", "Dist": "RX", "shape_wkt": "POINT (-71.071481691999963 42.326686834000043)", "POINT_X": -71.07148169199996, "POINT_Y": 42.32668683400004}}, {"type": "Feature", "id": 290, "geometry": {"type": "Point", "coordinates": [-71.06353189299995, 42.34097346400006]}, "properties": {"OBJECTID": 290, "Count_": 34, "Int_Number": 1333, "Location": "Albany St., MBTA Drive & Randolph St.", "Dist": "BP", "shape_wkt": "POINT (-71.063531892999947 42.340973464000058)", "POINT_X": -71.06353189299995, "POINT_Y": 42.34097346400006}}, {"type": "Feature", "id": 291, "geometry": {"type": "Point", "coordinates": [-71.05066618599994, 42.35702034500008]}, "properties": {"OBJECTID": 291, "Count_": 86, "Int_Number": 40, "Location": "Atlantic Ave. & High St.  (Monitor #1486)", "Dist": "BP", "shape_wkt": "POINT (-71.050666185999944 42.35702034500008)", "POINT_X": -71.05066618599994, "POINT_Y": 42.35702034500008}}, {"type": "Feature", "id": 292, "geometry": {"type": "Point", "coordinates": [-71.08826947999995, 42.330629043000044]}, "properties": {"OBJECTID": 292, "Count_": 691, "Int_Number": 2349, "Location": "Malcolm X Blvd. & Roxbury St.", "Dist": "RX", "shape_wkt": "POINT (-71.088269479999951 42.330629043000044)", "POINT_X": -71.08826947999995, "POINT_Y": 42.330629043000044}}, {"type": "Feature", "id": 293, "geometry": {"type": "Point", "coordinates": [-71.05147885199995, 42.35473748700008]}, "properties": {"OBJECTID": 293, "Count_": 95, "Int_Number": 1216, "Location": "Atlantic Ave., Ramp CA-N, & Seaport Blvd.", "Dist": "BP", "shape_wkt": "POINT (-71.051478851999946 42.354737487000079)", "POINT_X": -71.05147885199995, "POINT_Y": 42.35473748700008}}, {"type": "Feature", "id": 294, "geometry": {"type": "Point", "coordinates": [-71.13981290999999, 42.34509238800007]}, "properties": {"OBJECTID": 294, "Count_": 44, "Int_Number": 638, "Location": "Allston St. & Summit Ave.", "Dist": "AB", "shape_wkt": "POINT (-71.139812909999989 42.345092388000069)", "POINT_X": -71.13981290999999, "POINT_Y": 42.34509238800007}}, {"type": "Feature", "id": 295, "geometry": {"type": "Point", "coordinates": [-71.08738844199996, 42.30675623600007]}, "properties": {"OBJECTID": 295, "Count_": 694, "Int_Number": 981, "Location": "Maple St. & Seaver St.", "Dist": "RX", "shape_wkt": "POINT (-71.087388441999963 42.306756236000069)", "POINT_X": -71.08738844199996, "POINT_Y": 42.30675623600007}}, {"type": "Feature", "id": 296, "geometry": {"type": "Point", "coordinates": [-71.15094923499998, 42.33595349700005]}, "properties": {"OBJECTID": 296, "Count_": 121, "Int_Number": 183, "Location": "Beacon St. & Chestnut Hill Ave. (Cleveland Circle)", "Dist": "AB", "shape_wkt": "POINT (-71.150949234999985 42.335953497000048)", "POINT_X": -71.15094923499998, "POINT_Y": 42.33595349700005}}, {"type": "Feature", "id": 297, "geometry": {"type": "Point", "coordinates": [-71.09794818999995, 42.28127812400004]}, "properties": {"OBJECTID": 297, "Count_": 45, "Int_Number": 719, "Location": "Almont St. & Walk Hill St.", "Dist": "DO", "shape_wkt": "POINT (-71.097948189999954 42.281278124000039)", "POINT_X": -71.09794818999995, "POINT_Y": 42.28127812400004}}, {"type": "Feature", "id": 298, "geometry": {"type": "Point", "coordinates": [-71.12972175099998, 42.28721522200004]}, "properties": {"OBJECTID": 298, "Count_": 144, "Int_Number": 1088, "Location": "Belgrade Ave., MBTA Driveway, & South St.", "Dist": "WR", "shape_wkt": "POINT (-71.129721750999977 42.287215222000043)", "POINT_X": -71.12972175099998, "POINT_Y": 42.28721522200004}}, {"type": "Feature", "id": 299, "geometry": {"type": "Point", "coordinates": [-71.08475873999998, 42.30525053200006]}, "properties": {"OBJECTID": 299, "Count_": 188, "Int_Number": 2104, "Location": "Blue Hill Ave. & Seaver St. (Rt. Turn)", "Dist": "RX", "shape_wkt": "POINT (-71.084758739999984 42.305250532000059)", "POINT_X": -71.08475873999998, "POINT_Y": 42.30525053200006}}, {"type": "Feature", "id": 300, "geometry": {"type": "Point", "coordinates": [-71.08261897199998, 42.309533771000076]}, "properties": {"OBJECTID": 300, "Count_": 190, "Int_Number": 189, "Location": "Blue Hill Ave. & Warren St. (Grove Hall)", "Dist": "RX", "shape_wkt": "POINT (-71.082618971999977 42.309533771000076)", "POINT_X": -71.08261897199998, "POINT_Y": 42.309533771000076}}, {"type": "Feature", "id": 301, "geometry": {"type": "Point", "coordinates": [-71.08705482399995, 42.29811582100007]}, "properties": {"OBJECTID": 301, "Count_": 46, "Int_Number": 216, "Location": "American Legion Hwy. & Blue Hill Ave.", "Dist": "DO", "shape_wkt": "POINT (-71.087054823999949 42.298115821000067)", "POINT_X": -71.08705482399995, "POINT_Y": 42.29811582100007}}, {"type": "Feature", "id": 302, "geometry": {"type": "Point", "coordinates": [-71.07776833799994, 42.32045764500003]}, "properties": {"OBJECTID": 302, "Count_": 191, "Int_Number": 1486, "Location": "Blue Hill Ave. & West Cottage St.  (Monitor #1485)", "Dist": "RX", "shape_wkt": "POINT (-71.077768337999942 42.320457645000033)", "POINT_X": -71.07776833799994, "POINT_Y": 42.32045764500003}}, {"type": "Feature", "id": 303, "geometry": {"type": "Point", "coordinates": [-71.11681780099997, 42.278951764000055]}, "properties": {"OBJECTID": 303, "Count_": 47, "Int_Number": 1195, "Location": "American Legion Hwy. & Canterbury St.", "Dist": "WR", "shape_wkt": "POINT (-71.116817800999968 42.278951764000055)", "POINT_X": -71.11681780099997, "POINT_Y": 42.278951764000055}}, {"type": "Feature", "id": 304, "geometry": {"type": "Point", "coordinates": [-71.09390347999994, 42.26746409300006]}, "properties": {"OBJECTID": 304, "Count_": 196, "Int_Number": 234, "Location": "Blue Hill Ave., Cummins Hwy., & River St. (Mattapan Sq.)", "Dist": "DO", "shape_wkt": "POINT (-71.093903479999938 42.267464093000058)", "POINT_X": -71.09390347999994, "POINT_Y": 42.26746409300006}}, {"type": "Feature", "id": 305, "geometry": {"type": "Point", "coordinates": [-71.09220660099999, 42.295893000000035]}, "properties": {"OBJECTID": 305, "Count_": 48, "Int_Number": 1301, "Location": "American Legion Hwy. & Franklin Hill Ave.", "Dist": "WR", "shape_wkt": "POINT (-71.092206600999987 42.295893000000035)", "POINT_X": -71.09220660099999, "POINT_Y": 42.295893000000035}}, {"type": "Feature", "id": 306, "geometry": {"type": "Point", "coordinates": [-71.09081082099993, 42.34647774000007]}, "properties": {"OBJECTID": 306, "Count_": 220, "Int_Number": 9005, "Location": "Boylston St. & Fenway  (Monitor #9016)", "Dist": "BP", "shape_wkt": "POINT (-71.090810820999934 42.346477740000068)", "POINT_X": -71.09081082099993, "POINT_Y": 42.34647774000007}}, {"type": "Feature", "id": 307, "geometry": {"type": "Point", "coordinates": [-71.09536119099994, 42.34523087400004]}, "properties": {"OBJECTID": 307, "Count_": 223, "Int_Number": 938, "Location": "Boylston St. & Ipswich St (Monitor #983)", "Dist": "BP", "shape_wkt": "POINT (-71.095361190999938 42.345230874000038)", "POINT_X": -71.09536119099994, "POINT_Y": 42.34523087400004}}, {"type": "Feature", "id": 308, "geometry": {"type": "Point", "coordinates": [-71.10263339699998, 42.34332576700007]}, "properties": {"OBJECTID": 308, "Count_": 227, "Int_Number": 9006, "Location": "Boylston St. & Park Dr.  (Monitor #9017)", "Dist": "BP", "shape_wkt": "POINT (-71.102633396999977 42.343325767000067)", "POINT_X": -71.10263339699998, "POINT_Y": 42.34332576700007}}, {"type": "Feature", "id": 309, "geometry": {"type": "Point", "coordinates": [-71.12015938999997, 42.27257001900006]}, "properties": {"OBJECTID": 309, "Count_": 49, "Int_Number": 1645, "Location": "American Legion Hwy. & Hyde Park Ave.", "Dist": "WR", "shape_wkt": "POINT (-71.120159389999969 42.272570019000057)", "POINT_X": -71.12015938999997, "POINT_Y": 42.27257001900006}}, {"type": "Feature", "id": 310, "geometry": {"type": "Point", "coordinates": [-71.05119996299999, 42.35687144600007]}, "properties": {"OBJECTID": 310, "Count_": 246, "Int_Number": 4104, "Location": "Broad St. & Surface Rd. SB", "Dist": "BP", "shape_wkt": "POINT (-71.051199962999988 42.356871446000071)", "POINT_X": -71.05119996299999, "POINT_Y": 42.35687144600007}}, {"type": "Feature", "id": 311, "geometry": {"type": "Point", "coordinates": [-71.06513641499998, 42.36111654600006]}, "properties": {"OBJECTID": 311, "Count_": 272, "Int_Number": 412, "Location": "Cambridge St. & Joy St.  (Monitor #4021)", "Dist": "BP", "shape_wkt": "POINT (-71.065136414999984 42.361116546000062)", "POINT_X": -71.06513641499998, "POINT_Y": 42.36111654600006}}, {"type": "Feature", "id": 312, "geometry": {"type": "Point", "coordinates": [-71.11485219699995, 42.282360975000074]}, "properties": {"OBJECTID": 312, "Count_": 51, "Int_Number": 1194, "Location": "American Legion Hwy. & Mt. Hope St.", "Dist": "WR", "shape_wkt": "POINT (-71.114852196999948 42.282360975000074)", "POINT_X": -71.11485219699995, "POINT_Y": 42.282360975000074}}, {"type": "Feature", "id": 313, "geometry": {"type": "Point", "coordinates": [-71.10666803899994, 42.287659596000026]}, "properties": {"OBJECTID": 313, "Count_": 52, "Int_Number": 369, "Location": "American Legion Hwy. & Walk Hill St.", "Dist": "WR", "shape_wkt": "POINT (-71.106668038999942 42.287659596000026)", "POINT_X": -71.10666803899994, "POINT_Y": 42.287659596000026}}, {"type": "Feature", "id": 314, "geometry": {"type": "Point", "coordinates": [-71.07426158199996, 42.384039237000025]}, "properties": {"OBJECTID": 314, "Count_": 273, "Int_Number": 987, "Location": "Cambridge St. & Maffa Way (Sullivan Sq.)", "Dist": "CH", "shape_wkt": "POINT (-71.074261581999963 42.384039237000025)", "POINT_X": -71.07426158199996, "POINT_Y": 42.384039237000025}}, {"type": "Feature", "id": 315, "geometry": {"type": "Point", "coordinates": [-71.06061645999995, 42.36572315600006]}, "properties": {"OBJECTID": 315, "Count_": 296, "Int_Number": 30, "Location": "Causeway St. & Haverhill St. (Monitor #506)", "Dist": "BP", "shape_wkt": "POINT (-71.060616459999949 42.365723156000058)", "POINT_X": -71.06061645999995, "POINT_Y": 42.36572315600006}}, {"type": "Feature", "id": 316, "geometry": {"type": "Point", "coordinates": [-71.16861477299994, 42.35105776900008]}, "properties": {"OBJECTID": 316, "Count_": 328, "Int_Number": 1071, "Location": "Champney St. & Faneuil St. (Oak Square)", "Dist": "AB", "shape_wkt": "POINT (-71.168614772999945 42.351057769000079)", "POINT_X": -71.16861477299994, "POINT_Y": 42.35105776900008}}, {"type": "Feature", "id": 317, "geometry": {"type": "Point", "coordinates": [-71.10126831499997, 42.318253672000026]}, "properties": {"OBJECTID": 317, "Count_": 55, "Int_Number": 615, "Location": "Amory St. & Atherton St.", "Dist": "RX", "shape_wkt": "POINT (-71.10126831499997 42.318253672000026)", "POINT_X": -71.10126831499997, "POINT_Y": 42.318253672000026}}, {"type": "Feature", "id": 318, "geometry": {"type": "Point", "coordinates": [-71.06198379299997, 42.37116467100003]}, "properties": {"OBJECTID": 318, "Count_": 353, "Int_Number": 162, "Location": "Chelsea St., North Washington St. Bridge, & Rutherford Ave. (City Sq.)", "Dist": "CH", "shape_wkt": "POINT (-71.061983792999968 42.371164671000031)", "POINT_X": -71.06198379299997, "POINT_Y": 42.37116467100003}}, {"type": "Feature", "id": 319, "geometry": {"type": "Point", "coordinates": [-71.05377393099997, 42.36087777900008]}, "properties": {"OBJECTID": 319, "Count_": 374, "Int_Number": 1960, "Location": "Clinton St., Ramp CS-SA, & Surface Rd. SB", "Dist": "BP", "shape_wkt": "POINT (-71.053773930999967 42.360877779000077)", "POINT_X": -71.05377393099997, "POINT_Y": 42.36087777900008}}, {"type": "Feature", "id": 320, "geometry": {"type": "Point", "coordinates": [-71.10311957899995, 42.31660401000005]}, "properties": {"OBJECTID": 320, "Count_": 56, "Int_Number": 710, "Location": "Amory St. & Boylston St.", "Dist": "WR", "shape_wkt": "POINT (-71.103119578999952 42.316604010000049)", "POINT_X": -71.10311957899995, "POINT_Y": 42.31660401000005}}, {"type": "Feature", "id": 321, "geometry": {"type": "Point", "coordinates": [-71.09829664199998, 42.31580106100006]}, "properties": {"OBJECTID": 321, "Count_": 392, "Int_Number": 191, "Location": "Columbus Ave. & Washington St. (Egleston Square)", "Dist": "RX", "shape_wkt": "POINT (-71.09829664199998 42.315801061000059)", "POINT_X": -71.09829664199998, "POINT_Y": 42.31580106100006}}, {"type": "Feature", "id": 322, "geometry": {"type": "Point", "coordinates": [-71.16145607099998, 42.34017102700005]}, "properties": {"OBJECTID": 322, "Count_": 421, "Int_Number": 1788, "Location": "Commonwealth Ave. & Greycliff St.  (Monitor #1787)", "Dist": "BP", "shape_wkt": "POINT (-71.161456070999975 42.340171027000054)", "POINT_X": -71.16145607099998, "POINT_Y": 42.34017102700005}}, {"type": "Feature", "id": 323, "geometry": {"type": "Point", "coordinates": [-71.05640166799998, 42.35759270300008]}, "properties": {"OBJECTID": 323, "Count_": 446, "Int_Number": 51, "Location": "Congress St., Post Office Sq., & Water St.", "Dist": "BP", "shape_wkt": "POINT (-71.056401667999978 42.35759270300008)", "POINT_X": -71.05640166799998, "POINT_Y": 42.35759270300008}}, {"type": "Feature", "id": 324, "geometry": {"type": "Point", "coordinates": [-71.10700484399996, 42.31047857400006]}, "properties": {"OBJECTID": 324, "Count_": 59, "Int_Number": 372, "Location": "Amory St. & Green St.", "Dist": "WR", "shape_wkt": "POINT (-71.10700484399996 42.310478574000058)", "POINT_X": -71.10700484399996, "POINT_Y": 42.31047857400006}}, {"type": "Feature", "id": 325, "geometry": {"type": "Point", "coordinates": [-71.15784918899993, 42.34902660400007]}, "properties": {"OBJECTID": 325, "Count_": 487, "Int_Number": 846, "Location": "Dale St., Oakland St., & Washington St.  (Monitor #4112)", "Dist": "RX", "shape_wkt": "POINT (-71.157849188999933 42.349026604000073)", "POINT_X": -71.15784918899993, "POINT_Y": 42.34902660400007}}, {"type": "Feature", "id": 326, "geometry": {"type": "Point", "coordinates": [-71.06104558199996, 42.297220896000056]}, "properties": {"OBJECTID": 326, "Count_": 503, "Int_Number": 1242, "Location": "Dorchester Ave. & Gibson St.  (Monitor #617)", "Dist": "DO", "shape_wkt": "POINT (-71.061045581999963 42.297220896000056)", "POINT_X": -71.06104558199996, "POINT_Y": 42.297220896000056}}, {"type": "Feature", "id": 327, "geometry": {"type": "Point", "coordinates": [-71.10521591999998, 42.313570619000075]}, "properties": {"OBJECTID": 327, "Count_": 60, "Int_Number": 1883, "Location": "Amory St. & Minton St.", "Dist": "WR", "shape_wkt": "POINT (-71.105215919999978 42.313570619000075)", "POINT_X": -71.10521591999998, "POINT_Y": 42.313570619000075}}, {"type": "Feature", "id": 328, "geometry": {"type": "Point", "coordinates": [-71.03892164299998, 42.344289125000046]}, "properties": {"OBJECTID": 328, "Count_": 527, "Int_Number": 2249, "Location": "Dry Dock Ave., Pappas Way, & Summer St.", "Dist": "SB", "shape_wkt": "POINT (-71.038921642999981 42.344289125000046)", "POINT_X": -71.03892164299998, "POINT_Y": 42.344289125000046}}, {"type": "Feature", "id": 329, "geometry": {"type": "Point", "coordinates": [-71.08516427299998, 42.32887125600007]}, "properties": {"OBJECTID": 329, "Count_": 533, "Int_Number": 210, "Location": "Dudley St., Malcolm X Blvd., & Washington St.", "Dist": "RX", "shape_wkt": "POINT (-71.085164272999975 42.32887125600007)", "POINT_X": -71.08516427299998, "POINT_Y": 42.32887125600007}}, {"type": "Feature", "id": 330, "geometry": {"type": "Point", "coordinates": [-71.07059683699998, 42.346255848000055]}, "properties": {"OBJECTID": 330, "Count_": 62, "Int_Number": 560, "Location": "Appleton St & Berkeley St", "Dist": "BP", "shape_wkt": "POINT (-71.070596836999982 42.346255848000055)", "POINT_X": -71.07059683699998, "POINT_Y": 42.346255848000055}}, {"type": "Feature", "id": 331, "geometry": {"type": "Point", "coordinates": [-71.14995847499995, 42.35480235800003]}, "properties": {"OBJECTID": 331, "Count_": 576, "Int_Number": 758, "Location": "Faneuil St. & Market St.  (Monitor #4085)", "Dist": "AB", "shape_wkt": "POINT (-71.149958474999949 42.354802358000029)", "POINT_X": -71.14995847499995, "POINT_Y": 42.35480235800003}}, {"type": "Feature", "id": 332, "geometry": {"type": "Point", "coordinates": [-71.06316727399997, 42.33311750000007]}, "properties": {"OBJECTID": 332, "Count_": 598, "Int_Number": 9996, "Location": "Frontage Rd. NB & Widett Circle", "Dist": "SB", "shape_wkt": "POINT (-71.063167273999966 42.333117500000071)", "POINT_X": -71.06316727399997, "POINT_Y": 42.33311750000007}}, {"type": "Feature", "id": 333, "geometry": {"type": "Point", "coordinates": [-71.06027851999994, 42.33015885700007]}, "properties": {"OBJECTID": 333, "Count_": 602, "Int_Number": 9988, "Location": "Frontage Rd., I-93 NB Off Ramp, & Southampton St.", "Dist": "SB", "shape_wkt": "POINT (-71.06027851999994 42.330158857000072)", "POINT_X": -71.06027851999994, "POINT_Y": 42.33015885700007}}, {"type": "Feature", "id": 334, "geometry": {"type": "Point", "coordinates": [-71.05803581299995, 42.355446940000036]}, "properties": {"OBJECTID": 334, "Count_": 65, "Int_Number": 550, "Location": "Arch St. & Franklin St.", "Dist": "BP", "shape_wkt": "POINT (-71.058035812999947 42.355446940000036)", "POINT_X": -71.05803581299995, "POINT_Y": 42.355446940000036}}, {"type": "Feature", "id": 335, "geometry": {"type": "Point", "coordinates": [-71.07485730599996, 42.33124880200006]}, "properties": {"OBJECTID": 335, "Count_": 619, "Int_Number": 2092, "Location": "Hampden St. & Melnea Cass Blvd.  (Monitor #3140)", "Dist": "RX", "shape_wkt": "POINT (-71.074857305999956 42.331248802000061)", "POINT_X": -71.07485730599996, "POINT_Y": 42.33124880200006}}, {"type": "Feature", "id": 336, "geometry": {"type": "Point", "coordinates": [-71.12139027499995, 42.292780675000074]}, "properties": {"OBJECTID": 336, "Count_": 66, "Int_Number": 762, "Location": "Archdale Rd. & Washington St.", "Dist": "WR", "shape_wkt": "POINT (-71.121390274999953 42.292780675000074)", "POINT_X": -71.12139027499995, "POINT_Y": 42.292780675000074}}, {"type": "Feature", "id": 337, "geometry": {"type": "Point", "coordinates": [-71.05652899899997, 42.36217570100007]}, "properties": {"OBJECTID": 337, "Count_": 621, "Int_Number": 4101, "Location": "Hanover St. & Surface Rd. SB", "Dist": "BP", "shape_wkt": "POINT (-71.056528998999966 42.362175701000069)", "POINT_X": -71.05652899899997, "POINT_Y": 42.36217570100007}}, {"type": "Feature", "id": 338, "geometry": {"type": "Point", "coordinates": [-71.06249937099994, 42.34818392300008]}, "properties": {"OBJECTID": 338, "Count_": 629, "Int_Number": 1601, "Location": "Harrison Ave. & Oak St.  (Monitor #299)", "Dist": "BP", "shape_wkt": "POINT (-71.062499370999944 42.348183923000079)", "POINT_X": -71.06249937099994, "POINT_Y": 42.34818392300008}}, {"type": "Feature", "id": 339, "geometry": {"type": "Point", "coordinates": [-71.07068199099996, 42.351901456000064]}, "properties": {"OBJECTID": 339, "Count_": 67, "Int_Number": 75, "Location": "Arlington St. & Boylston St.", "Dist": "BP", "shape_wkt": "POINT (-71.070681990999958 42.351901456000064)", "POINT_X": -71.07068199099996, "POINT_Y": 42.351901456000064}}, {"type": "Feature", "id": 340, "geometry": {"type": "Point", "coordinates": [-71.12411988199995, 42.25582915800004]}, "properties": {"OBJECTID": 340, "Count_": 664, "Int_Number": 236, "Location": "Hyde Park Ave. & River St. (Cleary Sq.)  (Monitor #4200)", "Dist": "HP", "shape_wkt": "POINT (-71.124119881999945 42.25582915800004)", "POINT_X": -71.12411988199995, "POINT_Y": 42.25582915800004}}, {"type": "Feature", "id": 341, "geometry": {"type": "Point", "coordinates": [-71.06917895399994, 42.34808017100005]}, "properties": {"OBJECTID": 341, "Count_": 68, "Int_Number": 1331, "Location": "Arlington St. & Marginal Rd.", "Dist": "BP", "shape_wkt": "POINT (-71.069178953999938 42.348080171000049)", "POINT_X": -71.06917895399994, "POINT_Y": 42.34808017100005}}, {"type": "Feature", "id": 342, "geometry": {"type": "Point", "coordinates": [-71.11355753299995, 42.29994302600005]}, "properties": {"OBJECTID": 342, "Count_": 671, "Int_Number": 1759, "Location": "Hyde Park Ave., Forest Hills MBTA Station Busway Exit, & Tower St.", "Dist": "WR", "shape_wkt": "POINT (-71.113557532999948 42.299943026000051)", "POINT_X": -71.11355753299995, "POINT_Y": 42.29994302600005}}, {"type": "Feature", "id": 343, "geometry": {"type": "Point", "coordinates": [-71.05207934999999, 42.35801020300005]}, "properties": {"OBJECTID": 343, "Count_": 672, "Int_Number": 2259, "Location": "India St. & Surface Rd. SB", "Dist": "BP", "shape_wkt": "POINT (-71.052079349999985 42.358010203000049)", "POINT_X": -71.05207934999999, "POINT_Y": 42.35801020300005}}, {"type": "Feature", "id": 344, "geometry": {"type": "Point", "coordinates": [-71.05767566199995, 42.353470798000046]}, "properties": {"OBJECTID": 344, "Count_": 683, "Int_Number": 58, "Location": "Lincoln St. & Summer St. (Church Green)", "Dist": "BP", "shape_wkt": "POINT (-71.057675661999951 42.353470798000046)", "POINT_X": -71.05767566199995, "POINT_Y": 42.353470798000046}}, {"type": "Feature", "id": 345, "geometry": {"type": "Point", "coordinates": [-71.10991730899997, 42.34031299700007]}, "properties": {"OBJECTID": 345, "Count_": 686, "Int_Number": 9012, "Location": "Longwood Ave. & Riverway  (Monitor #9020)", "Dist": "BP", "shape_wkt": "POINT (-71.109917308999968 42.340312997000069)", "POINT_X": -71.10991730899997, "POINT_Y": 42.34031299700007}}, {"type": "Feature", "id": 346, "geometry": {"type": "Point", "coordinates": [-71.15445427899994, 42.35239224800006]}, "properties": {"OBJECTID": 346, "Count_": 69, "Int_Number": 391, "Location": "Arlington St. & Parsons St.", "Dist": "AB", "shape_wkt": "POINT (-71.154454278999935 42.352392248000058)", "POINT_X": -71.15445427899994, "POINT_Y": 42.35239224800006}}, {"type": "Feature", "id": 347, "geometry": {"type": "Point", "coordinates": [-71.09029059899996, 42.33175866700003]}, "properties": {"OBJECTID": 347, "Count_": 692, "Int_Number": 2337, "Location": "Malcolm X Blvd. @ #75 (Madison Park High)", "Dist": "RX", "shape_wkt": "POINT (-71.090290598999957 42.331758667000031)", "POINT_X": -71.09029059899996, "POINT_Y": 42.33175866700003}}, {"type": "Feature", "id": 348, "geometry": {"type": "Point", "coordinates": [-71.08826947999995, 42.330629043000044]}, "properties": {"OBJECTID": 348, "Count_": 693, "Int_Number": 2346, "Location": "Malcolm X Blvd., Roxbury St. Connector, & Shawmut Ave. Ext.", "Dist": "RX", "shape_wkt": "POINT (-71.088269479999951 42.330629043000044)", "POINT_X": -71.08826947999995, "POINT_Y": 42.330629043000044}}, {"type": "Feature", "id": 349, "geometry": {"type": "Point", "coordinates": [-71.07153137299997, 42.28452291700006]}, "properties": {"OBJECTID": 349, "Count_": 76, "Int_Number": 1346, "Location": "Armandine St. & Washington St.", "Dist": "DO", "shape_wkt": "POINT (-71.071531372999971 42.284522917000061)", "POINT_X": -71.07153137299997, "POINT_Y": 42.28452291700006}}, {"type": "Feature", "id": 350, "geometry": {"type": "Point", "coordinates": [-71.06696268399998, 42.32692098500007]}, "properties": {"OBJECTID": 350, "Count_": 713, "Int_Number": 3104, "Location": "Massachusetts Ave., New Market Sq., & Shirley St.", "Dist": "RX", "shape_wkt": "POINT (-71.066962683999975 42.326920985000072)", "POINT_X": -71.06696268399998, "POINT_Y": 42.32692098500007}}, {"type": "Feature", "id": 351, "geometry": {"type": "Point", "coordinates": [-71.14255296599998, 42.35449762400003]}, "properties": {"OBJECTID": 351, "Count_": 77, "Int_Number": 3111, "Location": "Arthur St. & North Beacon St.", "Dist": "AB", "shape_wkt": "POINT (-71.142552965999982 42.354497624000032)", "POINT_X": -71.14255296599998, "POINT_Y": 42.35449762400003}}, {"type": "Feature", "id": 352, "geometry": {"type": "Point", "coordinates": [-71.05098991999995, 42.35048378700003]}, "properties": {"OBJECTID": 352, "Count_": 719, "Int_Number": 1165, "Location": "Melcher St. & Summer St.  (Monitor #2008)", "Dist": "BP", "shape_wkt": "POINT (-71.05098991999995 42.35048378700003)", "POINT_X": -71.05098991999995, "POINT_Y": 42.35048378700003}}, {"type": "Feature", "id": 353, "geometry": {"type": "Point", "coordinates": [-71.05661920599994, 42.35044174500007]}, "properties": {"OBJECTID": 353, "Count_": 81, "Int_Number": 44, "Location": "Atlantic Ave. & Beach St.", "Dist": "BP", "shape_wkt": "POINT (-71.056619205999937 42.350441745000069)", "POINT_X": -71.05661920599994, "POINT_Y": 42.35044174500007}}, {"type": "Feature", "id": 354, "geometry": {"type": "Point", "coordinates": [-71.08697074399998, 42.33571949000003]}, "properties": {"OBJECTID": 354, "Count_": 721, "Int_Number": 3010, "Location": "Melnea Cass Blvd. & Tremont St.  (Monitor #3098)", "Dist": "RX", "shape_wkt": "POINT (-71.086970743999984 42.335719490000031)", "POINT_X": -71.08697074399998, "POINT_Y": 42.33571949000003}}, {"type": "Feature", "id": 355, "geometry": {"type": "Point", "coordinates": [-71.05220317899995, 42.35868024300004]}, "properties": {"OBJECTID": 355, "Count_": 734, "Int_Number": 1052, "Location": "Milk St. & Surface Rd. SB", "Dist": "BP", "shape_wkt": "POINT (-71.052203178999946 42.358680243000038)", "POINT_X": -71.05220317899995, "POINT_Y": 42.35868024300004}}, {"type": "Feature", "id": 356, "geometry": {"type": "Point", "coordinates": [-71.05828566699995, 42.36526558200006]}, "properties": {"OBJECTID": 356, "Count_": 760, "Int_Number": 332, "Location": "North Washington St., Thatcher St., & Valenti Way", "Dist": "BP", "shape_wkt": "POINT (-71.05828566699995 42.365265582000063)", "POINT_X": -71.05828566699995, "POINT_Y": 42.36526558200006}}, {"type": "Feature", "id": 357, "geometry": {"type": "Point", "coordinates": [-71.05118894299994, 42.36373385600007]}, "properties": {"OBJECTID": 357, "Count_": 82, "Int_Number": 1963, "Location": "Atlantic Ave. & Commercial Wharf", "Dist": "BP", "shape_wkt": "POINT (-71.051188942999943 42.363733856000067)", "POINT_X": -71.05118894299994, "POINT_Y": 42.36373385600007}}, {"type": "Feature", "id": 358, "geometry": {"type": "Point", "coordinates": [-71.05575206499998, 42.35279146100004]}, "properties": {"OBJECTID": 358, "Count_": 785, "Int_Number": 3012, "Location": "Purchase St., Ramp RR, Summer St., & Surface Rd. SB", "Dist": "BP", "shape_wkt": "POINT (-71.055752064999979 42.352791461000038)", "POINT_X": -71.05575206499998, "POINT_Y": 42.35279146100004}}, {"type": "Feature", "id": 359, "geometry": {"type": "Point", "coordinates": [-71.05832609799995, 42.357437047000076]}, "properties": {"OBJECTID": 359, "Count_": 803, "Int_Number": 24, "Location": "School St. & Washington St.  (BP)", "Dist": "BP", "shape_wkt": "POINT (-71.058326097999952 42.357437047000076)", "POINT_X": -71.05832609799995, "POINT_Y": 42.357437047000076}}, {"type": "Feature", "id": 360, "geometry": {"type": "Point", "coordinates": [-71.05832609799995, 42.357437047000076]}, "properties": {"OBJECTID": 360, "Count_": 804, "Int_Number": 954, "Location": "School St. & Washington St.  (JP)", "Dist": "WR", "shape_wkt": "POINT (-71.058326097999952 42.357437047000076)", "POINT_X": -71.05832609799995, "POINT_Y": 42.357437047000076}}, {"type": "Feature", "id": 361, "geometry": {"type": "Point", "coordinates": [-71.05356171399995, 42.35367137900005]}, "properties": {"OBJECTID": 361, "Count_": 83, "Int_Number": 3056, "Location": "Atlantic Ave. & Congress St.", "Dist": "BP", "shape_wkt": "POINT (-71.053561713999954 42.353671379000048)", "POINT_X": -71.05356171399995, "POINT_Y": 42.35367137900005}}, {"type": "Feature", "id": 362, "geometry": {"type": "Point", "coordinates": [-71.06798800799999, 42.331690672000036]}, "properties": {"OBJECTID": 362, "Count_": 815, "Int_Number": 891, "Location": "Southampton St., Theo A. Glynn Way, & Topeka St.", "Dist": "RX", "shape_wkt": "POINT (-71.067988007999986 42.331690672000036)", "POINT_X": -71.06798800799999, "POINT_Y": 42.331690672000036}}, {"type": "Feature", "id": 363, "geometry": {"type": "Point", "coordinates": [-71.05244923499998, 42.359528440000076]}, "properties": {"OBJECTID": 363, "Count_": 817, "Int_Number": 2024, "Location": "State St. & Surface Rd. SB  (Monitor #4106)", "Dist": "BP", "shape_wkt": "POINT (-71.052449234999983 42.359528440000076)", "POINT_X": -71.05244923499998, "POINT_Y": 42.359528440000076}}, {"type": "Feature", "id": 364, "geometry": {"type": "Point", "coordinates": [-71.05125761399995, 42.35789792200006]}, "properties": {"OBJECTID": 364, "Count_": 84, "Int_Number": 2007, "Location": "Atlantic Ave. & East India Row", "Dist": "BP", "shape_wkt": "POINT (-71.051257613999951 42.357897922000063)", "POINT_X": -71.05125761399995, "POINT_Y": 42.35789792200006}}, {"type": "Feature", "id": 365, "geometry": {"type": "Point", "coordinates": [-71.04382625799997, 42.347170221000056]}, "properties": {"OBJECTID": 365, "Count_": 823, "Int_Number": 664, "Location": "Summer St. & World Trade Center Ave (Viaduct St)", "Dist": "SB", "shape_wkt": "POINT (-71.043826257999967 42.347170221000056)", "POINT_X": -71.04382625799997, "POINT_Y": 42.347170221000056}}, {"type": "Feature", "id": 366, "geometry": {"type": "Point", "coordinates": [-71.16849879199998, 42.35071755400003]}, "properties": {"OBJECTID": 366, "Count_": 831, "Int_Number": 626, "Location": "Tremont St. & Washington St. (Oak Square)", "Dist": "AB", "shape_wkt": "POINT (-71.16849879199998 42.350717554000028)", "POINT_X": -71.16849879199998, "POINT_Y": 42.35071755400003}}, {"type": "Feature", "id": 367, "geometry": {"type": "Point", "coordinates": [-71.05590821199996, 42.351793213000064]}, "properties": {"OBJECTID": 367, "Count_": 85, "Int_Number": 45, "Location": "Atlantic Ave. & Essex St.", "Dist": "BP", "shape_wkt": "POINT (-71.055908211999963 42.351793213000064)", "POINT_X": -71.05590821199996, "POINT_Y": 42.351793213000064}}, {"type": "Feature", "id": 368, "geometry": {"type": "Point", "coordinates": [-71.01065209999996, 42.38924682100003]}, "properties": {"OBJECTID": 368, "Count_": 201, "Int_Number": 426, "Location": "Boardman St. near Ashley St.", "Dist": "EB", "shape_wkt": "POINT (-71.010652099999959 42.389246821000029)", "POINT_X": -71.01065209999996, "POINT_Y": 42.38924682100003}}, {"type": "Feature", "id": 369, "geometry": {"type": "Point", "coordinates": [-71.06068489299997, 42.353153064000026]}, "properties": {"OBJECTID": 369, "Count_": 98, "Int_Number": 3085, "Location": "Avenue de Lafayette & Chauncy St.", "Dist": "BP", "shape_wkt": "POINT (-71.060684892999973 42.353153064000026)", "POINT_X": -71.06068489299997, "POINT_Y": 42.353153064000026}}, {"type": "Feature", "id": 370, "geometry": {"type": "Point", "coordinates": [-71.06206451199995, 42.34403524800007]}, "properties": {"OBJECTID": 370, "Count_": 247, "Int_Number": 2320, "Location": "Broadway Bridge @ Traveler St", "Dist": "SB", "shape_wkt": "POINT (-71.062064511999949 42.344035248000068)", "POINT_X": -71.06206451199995, "POINT_Y": 42.34403524800007}}, {"type": "Feature", "id": 371, "geometry": {"type": "Point", "coordinates": [-71.14897357999996, 42.34939088200008]}, "properties": {"OBJECTID": 371, "Count_": 278, "Int_Number": 2106, "Location": "Cambridge St. near Elko St./St. Elizabeth's Hospital", "Dist": "AB", "shape_wkt": "POINT (-71.148973579999961 42.34939088200008)", "POINT_X": -71.14897357999996, "POINT_Y": 42.34939088200008}}, {"type": "Feature", "id": 372, "geometry": {"type": "Point", "coordinates": [-71.06422921599994, 42.353393297000025]}, "properties": {"OBJECTID": 372, "Count_": 100, "Int_Number": 4, "Location": "Avery St. & Tremont St.", "Dist": "BP", "shape_wkt": "POINT (-71.064229215999944 42.353393297000025)", "POINT_X": -71.06422921599994, "POINT_Y": 42.353393297000025}}, {"type": "Feature", "id": 373, "geometry": {"type": "Point", "coordinates": [-71.03930200899998, 42.37426717000005]}, "properties": {"OBJECTID": 373, "Count_": 304, "Int_Number": 2105, "Location": "Central Sq. near Liverpool St.", "Dist": "EB", "shape_wkt": "POINT (-71.039302008999982 42.374267170000053)", "POINT_X": -71.03930200899998, "POINT_Y": 42.37426717000005}}, {"type": "Feature", "id": 374, "geometry": {"type": "Point", "coordinates": [-71.09146134599996, 42.330049716000076]}, "properties": {"OBJECTID": 374, "Count_": 314, "Int_Number": 195, "Location": "Centre St. & Roxbury St.  (John Eliot Sq.)", "Dist": "RX", "shape_wkt": "POINT (-71.09146134599996 42.330049716000076)", "POINT_X": -71.09146134599996, "POINT_Y": 42.330049716000076}}, {"type": "Feature", "id": 375, "geometry": {"type": "Point", "coordinates": [-71.11485937599997, 42.31044846100008]}, "properties": {"OBJECTID": 375, "Count_": 322, "Int_Number": 3071, "Location": "Centre St., Engine #29, & Thomas St.", "Dist": "WR", "shape_wkt": "POINT (-71.11485937599997 42.310448461000078)", "POINT_X": -71.11485937599997, "POINT_Y": 42.31044846100008}}, {"type": "Feature", "id": 376, "geometry": {"type": "Point", "coordinates": [-71.06253177299993, 42.35326130900006]}, "properties": {"OBJECTID": 376, "Count_": 101, "Int_Number": 18, "Location": "Avery St. & Washington St.", "Dist": "BP", "shape_wkt": "POINT (-71.062531772999932 42.353261309000061)", "POINT_X": -71.06253177299993, "POINT_Y": 42.35326130900006}}, {"type": "Feature", "id": 377, "geometry": {"type": "Point", "coordinates": [-71.09756420599996, 42.31512391200005]}, "properties": {"OBJECTID": 377, "Count_": 397, "Int_Number": 1831, "Location": "Columbus Ave. near Weld Ave.", "Dist": "WR", "shape_wkt": "POINT (-71.097564205999959 42.315123912000047)", "POINT_X": -71.09756420599996, "POINT_Y": 42.31512391200005}}, {"type": "Feature", "id": 378, "geometry": {"type": "Point", "coordinates": [-71.05141562699998, 42.36639904500004]}, "properties": {"OBJECTID": 378, "Count_": 113, "Int_Number": 32, "Location": "Battery St. & Commercial St.", "Dist": "BP", "shape_wkt": "POINT (-71.051415626999983 42.366399045000037)", "POINT_X": -71.05141562699998, "POINT_Y": 42.36639904500004}}, {"type": "Feature", "id": 379, "geometry": {"type": "Point", "coordinates": [-71.08852035699994, 42.34888917100005]}, "properties": {"OBJECTID": 379, "Count_": 411, "Int_Number": 1583, "Location": "Commonwealth Ave. & Massachusetts Ave. Underpass", "Dist": "BP", "shape_wkt": "POINT (-71.088520356999936 42.348889171000053)", "POINT_X": -71.08852035699994, "POINT_Y": 42.34888917100005}}, {"type": "Feature", "id": 380, "geometry": {"type": "Point", "coordinates": [-71.12028916699995, 42.255042020000076]}, "properties": {"OBJECTID": 380, "Count_": 496, "Int_Number": 1203, "Location": "Davison St., Fairmont Ave., & Pierce St.", "Dist": "HP", "shape_wkt": "POINT (-71.120289166999953 42.255042020000076)", "POINT_X": -71.12028916699995, "POINT_Y": 42.255042020000076}}, {"type": "Feature", "id": 381, "geometry": {"type": "Point", "coordinates": [-71.07479638599995, 42.35481724500005]}, "properties": {"OBJECTID": 381, "Count_": 116, "Int_Number": 283, "Location": "Beacon St. & Berkeley St.", "Dist": "BP", "shape_wkt": "POINT (-71.074796385999946 42.354817245000049)", "POINT_X": -71.07479638599995, "POINT_Y": 42.35481724500005}}, {"type": "Feature", "id": 382, "geometry": {"type": "Point", "coordinates": [-71.08732189099999, 42.34202875400007]}, "properties": {"OBJECTID": 382, "Count_": 605, "Int_Number": 1021, "Location": "Gainsborough St. & St. Stephens St.", "Dist": "BP", "shape_wkt": "POINT (-71.087321890999988 42.342028754000069)", "POINT_X": -71.08732189099999, "POINT_Y": 42.34202875400007}}, {"type": "Feature", "id": 383, "geometry": {"type": "Point", "coordinates": [-71.08699355599998, 42.351529689000074]}, "properties": {"OBJECTID": 383, "Count_": 127, "Int_Number": 340, "Location": "Beacon St. & Hereford St.", "Dist": "BP", "shape_wkt": "POINT (-71.086993555999982 42.351529689000074)", "POINT_X": -71.08699355599998, "POINT_Y": 42.351529689000074}}, {"type": "Feature", "id": 384, "geometry": {"type": "Point", "coordinates": [-71.08330704999997, 42.325964018000036]}, "properties": {"OBJECTID": 384, "Count_": 737, "Int_Number": 386, "Location": "Moreland St., Regent St., & Warren St.", "Dist": "RX", "shape_wkt": "POINT (-71.083307049999974 42.325964018000036)", "POINT_X": -71.08330704999997, "POINT_Y": 42.325964018000036}}, {"type": "Feature", "id": 385, "geometry": {"type": "Point", "coordinates": [-71.15326358799996, 42.35724823900006]}, "properties": {"OBJECTID": 385, "Count_": 755, "Int_Number": 85, "Location": "North Beacon St. near Vineland St.", "Dist": "AB", "shape_wkt": "POINT (-71.153263587999959 42.357248239000057)", "POINT_X": -71.15326358799996, "POINT_Y": 42.35724823900006}}, {"type": "Feature", "id": 386, "geometry": {"type": "Point", "coordinates": [-71.06506598299995, 42.357166162000055]}, "properties": {"OBJECTID": 386, "Count_": 128, "Int_Number": 406, "Location": "Beacon St. & Joy St.", "Dist": "BP", "shape_wkt": "POINT (-71.065065982999954 42.357166162000055)", "POINT_X": -71.06506598299995, "POINT_Y": 42.357166162000055}}, {"type": "Feature", "id": 387, "geometry": {"type": "Point", "coordinates": [-71.12929437399998, 42.36071695700008]}, "properties": {"OBJECTID": 387, "Count_": 757, "Int_Number": 2078, "Location": "North Harvard St. near Easton St.", "Dist": "AB", "shape_wkt": "POINT (-71.129294373999983 42.360716957000079)", "POINT_X": -71.12929437399998, "POINT_Y": 42.36071695700008}}, {"type": "Feature", "id": 388, "geometry": {"type": "Point", "coordinates": [-71.05540807499995, 42.361350670000036]}, "properties": {"OBJECTID": 388, "Count_": 758, "Int_Number": 4092, "Location": "North St., Ramp CNSA, & Surface Rd. SB  (Monitor #7000)", "Dist": "BP", "shape_wkt": "POINT (-71.055408074999946 42.361350670000036)", "POINT_X": -71.05540807499995, "POINT_Y": 42.361350670000036}}, {"type": "Feature", "id": 389, "geometry": {"type": "Point", "coordinates": [-71.08949003999999, 42.35085054700005]}, "properties": {"OBJECTID": 389, "Count_": 129, "Int_Number": 88, "Location": "Beacon St. & Massachusetts Ave.", "Dist": "BP", "shape_wkt": "POINT (-71.089490039999987 42.35085054700005)", "POINT_X": -71.08949003999999, "POINT_Y": 42.35085054700005}}, {"type": "Feature", "id": 390, "geometry": {"type": "Point", "coordinates": [-71.04032973499994, 42.34519598900005]}, "properties": {"OBJECTID": 390, "Count_": 782, "Int_Number": 3126, "Location": "Pumphouse Rd. & Summer St.  (Monitor #4061)", "Dist": "SB", "shape_wkt": "POINT (-71.040329734999943 42.345195989000047)", "POINT_X": -71.04032973499994, "POINT_Y": 42.34519598900005}}, {"type": "Feature", "id": 391, "geometry": {"type": "Point", "coordinates": [-71.11088016999997, 42.329064094000046]}, "properties": {"OBJECTID": 391, "Count_": 810, "Int_Number": 2152, "Location": "South Huntington Ave. near Heath St.  (Mid-block)", "Dist": "RX", "shape_wkt": "POINT (-71.110880169999973 42.329064094000046)", "POINT_X": -71.11088016999997, "POINT_Y": 42.329064094000046}}, {"type": "Feature", "id": 392, "geometry": {"type": "Point", "coordinates": [-71.03889337899994, 42.36851256400007]}, "properties": {"OBJECTID": 392, "Count_": 825, "Int_Number": 1559, "Location": "Sumner St. @ Engine #40 near Bremen St.", "Dist": "EB", "shape_wkt": "POINT (-71.038893378999944 42.368512564000071)", "POINT_X": -71.03889337899994, "POINT_Y": 42.36851256400007}}, {"type": "Feature", "id": 393, "geometry": {"type": "Point", "coordinates": [-71.10509878199997, 42.34664592200005]}, "properties": {"OBJECTID": 393, "Count_": 130, "Int_Number": 156, "Location": "Beacon St. & Park Drive", "Dist": "BP", "shape_wkt": "POINT (-71.10509878199997 42.34664592200005)", "POINT_X": -71.10509878199997, "POINT_Y": 42.34664592200005}}, {"type": "Feature", "id": 394, "geometry": {"type": "Point", "coordinates": [-71.03974680699997, 42.36888218100006]}, "properties": {"OBJECTID": 394, "Count_": 826, "Int_Number": 171, "Location": "Sumner St. @ Maverick Sq. MBTA Station", "Dist": "EB", "shape_wkt": "POINT (-71.039746806999972 42.36888218100006)", "POINT_X": -71.03974680699997, "POINT_Y": 42.36888218100006}}, {"type": "Feature", "id": 395, "geometry": {"type": "Point", "coordinates": [-71.06320045699994, 42.35771819800004]}, "properties": {"OBJECTID": 395, "Count_": 131, "Int_Number": 9, "Location": "Beacon St. & Park St.", "Dist": "BP", "shape_wkt": "POINT (-71.063200456999937 42.357718198000043)", "POINT_X": -71.06320045699994, "POINT_Y": 42.35771819800004}}, {"type": "Feature", "id": 396, "geometry": {"type": "Point", "coordinates": [-71.08138724299994, 42.31979034300008]}, "properties": {"OBJECTID": 396, "Count_": 841, "Int_Number": 3141, "Location": "Warren St. & Mall Driveway near Woodbine St.", "Dist": "RX", "shape_wkt": "POINT (-71.081387242999938 42.319790343000079)", "POINT_X": -71.08138724299994, "POINT_Y": 42.31979034300008}}, {"type": "Feature", "id": 397, "geometry": {"type": "Point", "coordinates": [-71.17089695799996, 42.35184158800007]}, "properties": {"OBJECTID": 397, "Count_": 846, "Int_Number": 672, "Location": "Washington St. @ Presentation Church (near Atkins)", "Dist": "AB", "shape_wkt": "POINT (-71.170896957999958 42.35184158800007)", "POINT_X": -71.17089695799996, "POINT_Y": 42.35184158800007}}, {"type": "Feature", "id": 398, "geometry": {"type": "Point", "coordinates": [-71.05717555099994, 42.342984588000036]}, "properties": {"OBJECTID": 398, "Count_": 248, "Int_Number": 136, "Location": "Broadway Bridge, Dorchester Ave, & West Broadway", "Dist": "SB", "shape_wkt": "POINT (-71.057175550999943 42.342984588000036)", "POINT_X": -71.05717555099994, "POINT_Y": 42.342984588000036}}, {"type": "Feature", "id": 399, "geometry": {"type": "Point", "coordinates": [-71.05935837599998, 42.35333563200004]}, "properties": {"OBJECTID": 399, "Count_": 138, "Int_Number": 101, "Location": "Bedford St. & Kingston St.", "Dist": "BP", "shape_wkt": "POINT (-71.059358375999977 42.353335632000039)", "POINT_X": -71.05935837599998, "POINT_Y": 42.35333563200004}}, {"type": "Feature", "id": 400, "geometry": {"type": "Point", "coordinates": [-71.11094459199995, 42.350423145000036]}, "properties": {"OBJECTID": 400, "Count_": 259, "Int_Number": 315, "Location": "BU Bridge, Commonwealth Ave., & Essex St. (Monitor #316)", "Dist": "AB", "shape_wkt": "POINT (-71.110944591999953 42.350423145000036)", "POINT_X": -71.11094459199995, "POINT_Y": 42.350423145000036}}, {"type": "Feature", "id": 401, "geometry": {"type": "Point", "coordinates": [-71.12943937499995, 42.273472036000044]}, "properties": {"OBJECTID": 401, "Count_": 139, "Int_Number": 972, "Location": "Beech St. & Poplar St.", "Dist": "WR", "shape_wkt": "POINT (-71.129439374999947 42.273472036000044)", "POINT_X": -71.12943937499995, "POINT_Y": 42.273472036000044}}, {"type": "Feature", "id": 402, "geometry": {"type": "Point", "coordinates": [-71.07347445799996, 42.33353149700008]}, "properties": {"OBJECTID": 402, "Count_": 31, "Int_Number": 2341, "Location": "Albany St. @ Boston Medical Center", "Dist": "BP", "shape_wkt": "POINT (-71.073474457999964 42.333531497000081)", "POINT_X": -71.07347445799996, "POINT_Y": 42.33353149700008}}, {"type": "Feature", "id": 403, "geometry": {"type": "Point", "coordinates": [-71.06488157499996, 42.35113051700006]}, "properties": {"OBJECTID": 403, "Count_": 819, "Int_Number": 1, "Location": "Stuart St. & Tremont St.", "Dist": "BP", "shape_wkt": "POINT (-71.064881574999959 42.351130517000058)", "POINT_X": -71.06488157499996, "POINT_Y": 42.35113051700006}}, {"type": "Feature", "id": 404, "geometry": {"type": "Point", "coordinates": [-71.07328059699995, 42.386578678000035]}, "properties": {"OBJECTID": 404, "Count_": 37, "Int_Number": 1131, "Location": "Alford St. @ Ryan Playground", "Dist": "CH", "shape_wkt": "POINT (-71.07328059699995 42.386578678000035)", "POINT_X": -71.07328059699995, "POINT_Y": 42.386578678000035}}, {"type": "Feature", "id": 405, "geometry": {"type": "Point", "coordinates": [-71.14516668599998, 42.28604977900005]}, "properties": {"OBJECTID": 405, "Count_": 141, "Int_Number": 1238, "Location": "Belgrade Ave. & McCraw St.", "Dist": "WR", "shape_wkt": "POINT (-71.145166685999982 42.286049779000052)", "POINT_X": -71.14516668599998, "POINT_Y": 42.28604977900005}}, {"type": "Feature", "id": 406, "geometry": {"type": "Point", "coordinates": [-71.07538871299994, 42.34861839100006]}, "properties": {"OBJECTID": 406, "Count_": 820, "Int_Number": 1358, "Location": "Stuart St. & Trinity Pl.", "Dist": "BP", "shape_wkt": "POINT (-71.075388712999938 42.348618391000059)", "POINT_X": -71.07538871299994, "POINT_Y": 42.34861839100006}}, {"type": "Feature", "id": 407, "geometry": {"type": "Point", "coordinates": [-71.02919195899995, 42.37815577100008]}, "properties": {"OBJECTID": 407, "Count_": 351, "Int_Number": 2325, "Location": "Chelsea St. Mid-Block near Prescott St.", "Dist": "EB", "shape_wkt": "POINT (-71.029191958999945 42.378155771000081)", "POINT_X": -71.02919195899995, "POINT_Y": 42.37815577100008}}, {"type": "Feature", "id": 408, "geometry": {"type": "Point", "coordinates": [-71.13737908299998, 42.36291123900003]}, "properties": {"OBJECTID": 408, "Count_": 827, "Int_Number": 2271, "Location": "Telford St. & Western Ave.", "Dist": "AB", "shape_wkt": "POINT (-71.137379082999985 42.362911239000027)", "POINT_X": -71.13737908299998, "POINT_Y": 42.36291123900003}}, {"type": "Feature", "id": 409, "geometry": {"type": "Point", "coordinates": [-71.15238966199996, 42.35511120800004]}, "properties": {"OBJECTID": 409, "Count_": 578, "Int_Number": 717, "Location": "Faneuil St. @ McKinney Playground", "Dist": "AB", "shape_wkt": "POINT (-71.152389661999962 42.355111208000039)", "POINT_X": -71.15238966199996, "POINT_Y": 42.35511120800004}}, {"type": "Feature", "id": 410, "geometry": {"type": "Point", "coordinates": [-71.06289659799995, 42.35564457000004]}, "properties": {"OBJECTID": 410, "Count_": 828, "Int_Number": 6, "Location": "Temple Pl. & Tremont St.", "Dist": "BP", "shape_wkt": "POINT (-71.062896597999952 42.355644570000038)", "POINT_X": -71.06289659799995, "POINT_Y": 42.35564457000004}}, {"type": "Feature", "id": 411, "geometry": {"type": "Point", "coordinates": [-71.13763785099997, 42.28624945100006]}, "properties": {"OBJECTID": 411, "Count_": 142, "Int_Number": 705, "Location": "Belgrade Ave. & Walworth St.", "Dist": "WR", "shape_wkt": "POINT (-71.137637850999965 42.28624945100006)", "POINT_X": -71.13763785099997, "POINT_Y": 42.28624945100006}}, {"type": "Feature", "id": 412, "geometry": {"type": "Point", "coordinates": [-71.08489616599996, 42.342754755000044]}, "properties": {"OBJECTID": 412, "Count_": 654, "Int_Number": 839, "Location": "Huntington Ave. & Massachusetts Ave. Underpasses", "Dist": "BP", "shape_wkt": "POINT (-71.084896165999965 42.342754755000044)", "POINT_X": -71.08489616599996, "POINT_Y": 42.342754755000044}}, {"type": "Feature", "id": 413, "geometry": {"type": "Point", "coordinates": [-71.09098774799997, 42.31824979100003]}, "properties": {"OBJECTID": 413, "Count_": 829, "Int_Number": 393, "Location": "Townsend St. & Walnut Ave.", "Dist": "RX", "shape_wkt": "POINT (-71.090987747999975 42.318249791000028)", "POINT_X": -71.09098774799997, "POINT_Y": 42.31824979100003}}, {"type": "Feature", "id": 414, "geometry": {"type": "Point", "coordinates": [-71.08734369199993, 42.34649666200005]}, "properties": {"OBJECTID": 414, "Count_": 147, "Int_Number": 129, "Location": "Belvidere St. & Massachusetts Ave.", "Dist": "BP", "shape_wkt": "POINT (-71.087343691999934 42.34649666200005)", "POINT_X": -71.08734369199993, "POINT_Y": 42.34649666200005}}, {"type": "Feature", "id": 415, "geometry": {"type": "Point", "coordinates": [-71.08776291499998, 42.34119378200006]}, "properties": {"OBJECTID": 415, "Count_": 660, "Int_Number": 1349, "Location": "Huntington Ave. opposite YMCA", "Dist": "RX", "shape_wkt": "POINT (-71.087762914999985 42.341193782000062)", "POINT_X": -71.08776291499998, "POINT_Y": 42.34119378200006}}, {"type": "Feature", "id": 416, "geometry": {"type": "Point", "coordinates": [-71.06531058999997, 42.34499016400008]}, "properties": {"OBJECTID": 416, "Count_": 830, "Int_Number": 4087, "Location": "Traveler St. & Washington St.", "Dist": "BP", "shape_wkt": "POINT (-71.065310589999967 42.34499016400008)", "POINT_X": -71.06531058999997, "POINT_Y": 42.34499016400008}}, {"type": "Feature", "id": 417, "geometry": {"type": "Point", "coordinates": [-71.11016801399995, 42.32678666000004]}, "properties": {"OBJECTID": 417, "Count_": 809, "Int_Number": 725, "Location": "South Huntington Ave. @ Veterans Hospital  (Mid-block)", "Dist": "RX", "shape_wkt": "POINT (-71.110168013999953 42.326786660000039)", "POINT_X": -71.11016801399995, "POINT_Y": 42.32678666000004}}, {"type": "Feature", "id": 418, "geometry": {"type": "Point", "coordinates": [-71.07655399799995, 42.341340623000065]}, "properties": {"OBJECTID": 418, "Count_": 832, "Int_Number": 146, "Location": "Tremont St. & West Newton St.", "Dist": "BP", "shape_wkt": "POINT (-71.076553997999952 42.341340623000065)", "POINT_X": -71.07655399799995, "POINT_Y": 42.341340623000065}}, {"type": "Feature", "id": 419, "geometry": {"type": "Point", "coordinates": [-71.06351558399996, 42.349651806000054]}, "properties": {"OBJECTID": 419, "Count_": 847, "Int_Number": 1895, "Location": "Washington St. @ Tufts Medical Center", "Dist": "BP", "shape_wkt": "POINT (-71.063515583999958 42.349651806000054)", "POINT_X": -71.06351558399996, "POINT_Y": 42.349651806000054}}, {"type": "Feature", "id": 420, "geometry": {"type": "Point", "coordinates": [-71.01622913699998, 42.38339121300004]}, "properties": {"OBJECTID": 420, "Count_": 149, "Int_Number": 1019, "Location": "Bennington St. & Byron St.", "Dist": "EB", "shape_wkt": "POINT (-71.016229136999982 42.383391213000039)", "POINT_X": -71.01622913699998, "POINT_Y": 42.38339121300004}}, {"type": "Feature", "id": 421, "geometry": {"type": "Point", "coordinates": [-71.06334121699996, 42.35518182100003]}, "properties": {"OBJECTID": 421, "Count_": 833, "Int_Number": 5, "Location": "Tremont St. & West St.", "Dist": "BP", "shape_wkt": "POINT (-71.063341216999959 42.355181821000031)", "POINT_X": -71.06334121699996, "POINT_Y": 42.35518182100003}}, {"type": "Feature", "id": 422, "geometry": {"type": "Point", "coordinates": [-71.10004867599997, 42.33250504700004]}, "properties": {"OBJECTID": 422, "Count_": 834, "Int_Number": 2241, "Location": "Tremont St. @ Carmel St.", "Dist": "RX", "shape_wkt": "POINT (-71.100048675999972 42.332505047000041)", "POINT_X": -71.10004867599997, "POINT_Y": 42.33250504700004}}, {"type": "Feature", "id": 423, "geometry": {"type": "Point", "coordinates": [-70.99715392399997, 42.389951481000026]}, "properties": {"OBJECTID": 423, "Count_": 150, "Int_Number": 2263, "Location": "Bennington St. & Leverett Ave.", "Dist": "EB", "shape_wkt": "POINT (-70.997153923999974 42.389951481000026)", "POINT_X": -70.99715392399997, "POINT_Y": 42.389951481000026}}, {"type": "Feature", "id": 424, "geometry": {"type": "Point", "coordinates": [-71.11581586099999, 42.29834117100006]}, "properties": {"OBJECTID": 424, "Count_": 835, "Int_Number": 2272, "Location": "Ukraine Way & Washington St.", "Dist": "WR", "shape_wkt": "POINT (-71.115815860999987 42.298341171000061)", "POINT_X": -71.11581586099999, "POINT_Y": 42.29834117100006}}, {"type": "Feature", "id": 425, "geometry": {"type": "Point", "coordinates": [-71.01838339799997, 42.382594176000055]}, "properties": {"OBJECTID": 425, "Count_": 151, "Int_Number": 732, "Location": "Bennington St. & Moore St.", "Dist": "EB", "shape_wkt": "POINT (-71.018383397999969 42.382594176000055)", "POINT_X": -71.01838339799997, "POINT_Y": 42.382594176000055}}, {"type": "Feature", "id": 426, "geometry": {"type": "Point", "coordinates": [-71.06964522499999, 42.34132594700003]}, "properties": {"OBJECTID": 426, "Count_": 836, "Int_Number": 872, "Location": "Union Park St. & Washington St.", "Dist": "BP", "shape_wkt": "POINT (-71.069645224999988 42.34132594700003)", "POINT_X": -71.06964522499999, "POINT_Y": 42.34132594700003}}, {"type": "Feature", "id": 427, "geometry": {"type": "Point", "coordinates": [-71.15245684299998, 42.34610296200003]}, "properties": {"OBJECTID": 427, "Count_": 837, "Int_Number": 681, "Location": "Union St. & Winship St.", "Dist": "AB", "shape_wkt": "POINT (-71.152456842999982 42.346102962000032)", "POINT_X": -71.15245684299998, "POINT_Y": 42.34610296200003}}, {"type": "Feature", "id": 428, "geometry": {"type": "Point", "coordinates": [-71.02537425599996, 42.37997784000004]}, "properties": {"OBJECTID": 428, "Count_": 152, "Int_Number": 450, "Location": "Bennington St. & Neptune Rd.", "Dist": "EB", "shape_wkt": "POINT (-71.025374255999964 42.379977840000038)", "POINT_X": -71.02537425599996, "POINT_Y": 42.37997784000004}}, {"type": "Feature", "id": 429, "geometry": {"type": "Point", "coordinates": [-71.08401695599997, 42.33034206700006]}, "properties": {"OBJECTID": 429, "Count_": 838, "Int_Number": 1970, "Location": "Vernon St. & Washington St.", "Dist": "RX", "shape_wkt": "POINT (-71.084016955999971 42.330342067000061)", "POINT_X": -71.08401695599997, "POINT_Y": 42.33034206700006}}, {"type": "Feature", "id": 430, "geometry": {"type": "Point", "coordinates": [-71.11537704799997, 42.29459329800005]}, "properties": {"OBJECTID": 430, "Count_": 839, "Int_Number": 509, "Location": "Wachusett St. & Walk Hill St.", "Dist": "WR", "shape_wkt": "POINT (-71.115377047999971 42.294593298000052)", "POINT_X": -71.11537704799997, "POINT_Y": 42.29459329800005}}, {"type": "Feature", "id": 431, "geometry": {"type": "Point", "coordinates": [-71.00672366899994, 42.386648653000066]}, "properties": {"OBJECTID": 431, "Count_": 153, "Int_Number": 168, "Location": "Bennington St. & Saratoga St.", "Dist": "EB", "shape_wkt": "POINT (-71.006723668999939 42.386648653000066)", "POINT_X": -71.00672366899994, "POINT_Y": 42.386648653000066}}, {"type": "Feature", "id": 432, "geometry": {"type": "Point", "coordinates": [-71.15015474099994, 42.26760805500004]}, "properties": {"OBJECTID": 432, "Count_": 842, "Int_Number": 1051, "Location": "Washington St. & West Boundary Rd.", "Dist": "WR", "shape_wkt": "POINT (-71.150154740999938 42.267608055000039)", "POINT_X": -71.15015474099994, "POINT_Y": 42.26760805500004}}, {"type": "Feature", "id": 433, "geometry": {"type": "Point", "coordinates": [-71.10747961399994, 42.306498013000066]}, "properties": {"OBJECTID": 433, "Count_": 843, "Int_Number": 1285, "Location": "Washington St. & Williams St.", "Dist": "WR", "shape_wkt": "POINT (-71.107479613999942 42.306498013000066)", "POINT_X": -71.10747961399994, "POINT_Y": 42.306498013000066}}, {"type": "Feature", "id": 434, "geometry": {"type": "Point", "coordinates": [-71.02217244399998, 42.381167951000066]}, "properties": {"OBJECTID": 434, "Count_": 154, "Int_Number": 1173, "Location": "Bennington St. & Swift St.", "Dist": "EB", "shape_wkt": "POINT (-71.022172443999978 42.381167951000066)", "POINT_X": -71.02217244399998, "POINT_Y": 42.381167951000066}}, {"type": "Feature", "id": 435, "geometry": {"type": "Point", "coordinates": [-71.04846567499999, 42.35036954200007]}, "properties": {"OBJECTID": 435, "Count_": 5, "Int_Number": 1662, "Location": "A St., Congress St., & Thompson St.", "Dist": "SB", "shape_wkt": "POINT (-71.048465674999989 42.350369542000067)", "POINT_X": -71.04846567499999, "POINT_Y": 42.35036954200007}}, {"type": "Feature", "id": 436, "geometry": {"type": "Point", "coordinates": [-71.05716185799997, 42.34059551100006]}, "properties": {"OBJECTID": 436, "Count_": 6, "Int_Number": 933, "Location": "A St., Dorchester Ave., & West Fifth St.", "Dist": "SB", "shape_wkt": "POINT (-71.057161857999972 42.34059551100006)", "POINT_X": -71.05716185799997, "POINT_Y": 42.34059551100006}}, {"type": "Feature", "id": 437, "geometry": {"type": "Point", "coordinates": [-71.01035075699997, 42.38542349000005]}, "properties": {"OBJECTID": 437, "Count_": 155, "Int_Number": 1953, "Location": "Bennington St. & Trident St.", "Dist": "EB", "shape_wkt": "POINT (-71.010350756999969 42.385423490000051)", "POINT_X": -71.01035075699997, "POINT_Y": 42.38542349000005}}, {"type": "Feature", "id": 438, "geometry": {"type": "Point", "coordinates": [-71.05311285699997, 42.344399001000056]}, "properties": {"OBJECTID": 438, "Count_": 7, "Int_Number": 3138, "Location": "A St., Richards St., & Sobin Park", "Dist": "SB", "shape_wkt": "POINT (-71.053112856999974 42.344399001000056)", "POINT_X": -71.05311285699997, "POINT_Y": 42.344399001000056}}, {"type": "Feature", "id": 439, "geometry": {"type": "Point", "coordinates": [-71.08949859499995, 42.334467052000036]}, "properties": {"OBJECTID": 439, "Count_": 8, "Int_Number": 3082, "Location": "Access Dr., Ruggles St., & Tremont St.", "Dist": "RX", "shape_wkt": "POINT (-71.089498594999952 42.334467052000036)", "POINT_X": -71.08949859499995, "POINT_Y": 42.334467052000036}}, {"type": "Feature", "id": 440, "geometry": {"type": "Point", "coordinates": [-71.07305241499995, 42.35125992800005]}, "properties": {"OBJECTID": 440, "Count_": 158, "Int_Number": 77, "Location": "Berkeley St. & Boylston St.", "Dist": "BP", "shape_wkt": "POINT (-71.07305241499995 42.351259928000047)", "POINT_X": -71.07305241499995, "POINT_Y": 42.35125992800005}}, {"type": "Feature", "id": 441, "geometry": {"type": "Point", "coordinates": [-71.05622892099996, 42.295207893000054]}, "properties": {"OBJECTID": 441, "Count_": 17, "Int_Number": 764, "Location": "Adams St., Centre St., & Elmdale St.", "Dist": "DO", "shape_wkt": "POINT (-71.056228920999956 42.295207893000054)", "POINT_X": -71.05622892099996, "POINT_Y": 42.295207893000054}}, {"type": "Feature", "id": 442, "geometry": {"type": "Point", "coordinates": [-71.07095374799997, 42.34698093500003]}, "properties": {"OBJECTID": 442, "Count_": 159, "Int_Number": 623, "Location": "Berkeley St. & Chandler St.", "Dist": "BP", "shape_wkt": "POINT (-71.070953747999965 42.346980935000033)", "POINT_X": -71.07095374799997, "POINT_Y": 42.34698093500003}}, {"type": "Feature", "id": 443, "geometry": {"type": "Point", "coordinates": [-71.06798386199995, 42.27222687500006]}, "properties": {"OBJECTID": 443, "Count_": 18, "Int_Number": 360, "Location": "Adams St., Dorchester Ave., & Washington St. (Pierce Sq.)", "Dist": "DO", "shape_wkt": "POINT (-71.067983861999949 42.272226875000058)", "POINT_X": -71.06798386199995, "POINT_Y": 42.27222687500006}}, {"type": "Feature", "id": 444, "geometry": {"type": "Point", "coordinates": [-71.05685649699996, 42.29794435700006]}, "properties": {"OBJECTID": 444, "Count_": 19, "Int_Number": 567, "Location": "Adams St., Neponset Ave., & Parkman St.", "Dist": "DO", "shape_wkt": "POINT (-71.056856496999956 42.297944357000063)", "POINT_X": -71.05685649699996, "POINT_Y": 42.29794435700006}}, {"type": "Feature", "id": 445, "geometry": {"type": "Point", "coordinates": [-71.07178205799994, 42.348668212000064]}, "properties": {"OBJECTID": 445, "Count_": 160, "Int_Number": 278, "Location": "Berkeley St. & Columbus Ave.", "Dist": "BP", "shape_wkt": "POINT (-71.07178205799994 42.348668212000064)", "POINT_X": -71.07178205799994, "POINT_Y": 42.348668212000064}}, {"type": "Feature", "id": 446, "geometry": {"type": "Point", "coordinates": [-71.16539620499998, 42.287539699000035]}, "properties": {"OBJECTID": 446, "Count_": 20, "Int_Number": 1022, "Location": "Addington St., LaGrange St., & Vermont St.", "Dist": "WR", "shape_wkt": "POINT (-71.165396204999979 42.287539699000035)", "POINT_X": -71.16539620499998, "POINT_Y": 42.287539699000035}}, {"type": "Feature", "id": 447, "geometry": {"type": "Point", "coordinates": [-71.06703875899996, 42.28907368000006]}, "properties": {"OBJECTID": 447, "Count_": 21, "Int_Number": 890, "Location": "Alban St., Talbot Ave., & Welles Ave.", "Dist": "DO", "shape_wkt": "POINT (-71.067038758999956 42.289073680000058)", "POINT_X": -71.06703875899996, "POINT_Y": 42.28907368000006}}, {"type": "Feature", "id": 448, "geometry": {"type": "Point", "coordinates": [-71.07440954999998, 42.35402483300004]}, "properties": {"OBJECTID": 448, "Count_": 163, "Int_Number": 280, "Location": "Berkeley St. & Marlborough St.", "Dist": "BP", "shape_wkt": "POINT (-71.074409549999984 42.35402483300004)", "POINT_X": -71.07440954999998, "POINT_Y": 42.35402483300004}}, {"type": "Feature", "id": 449, "geometry": {"type": "Point", "coordinates": [-71.06249893299997, 42.34299688800007]}, "properties": {"OBJECTID": 449, "Count_": 33, "Int_Number": 312, "Location": "Albany St., East Berkeley St., Frontage Rd NB, & West Fourth St. Bridge", "Dist": "BP", "shape_wkt": "POINT (-71.062498932999972 42.342996888000073)", "POINT_X": -71.06249893299997, "POINT_Y": 42.34299688800007}}, {"type": "Feature", "id": 450, "geometry": {"type": "Point", "coordinates": [-71.11681780099997, 42.278951764000055]}, "properties": {"OBJECTID": 450, "Count_": 53, "Int_Number": 370, "Location": "American Legion Hwy., Canterbury St., & Cummins Hwy.", "Dist": "WR", "shape_wkt": "POINT (-71.116817800999968 42.278951764000055)", "POINT_X": -71.11681780099997, "POINT_Y": 42.278951764000055}}, {"type": "Feature", "id": 451, "geometry": {"type": "Point", "coordinates": [-71.07344469299994, 42.35206129100004]}, "properties": {"OBJECTID": 451, "Count_": 164, "Int_Number": 282, "Location": "Berkeley St. & Newbury St.", "Dist": "BP", "shape_wkt": "POINT (-71.073444692999942 42.352061291000041)", "POINT_X": -71.07344469299994, "POINT_Y": 42.35206129100004}}, {"type": "Feature", "id": 452, "geometry": {"type": "Point", "coordinates": [-71.11681780099997, 42.278951764000055]}, "properties": {"OBJECTID": 452, "Count_": 54, "Int_Number": 999, "Location": "American Legion Hwy., Canterbury St., & Kingbird Rd.", "Dist": "WR", "shape_wkt": "POINT (-71.116817800999968 42.278951764000055)", "POINT_X": -71.11681780099997, "POINT_Y": 42.278951764000055}}, {"type": "Feature", "id": 453, "geometry": {"type": "Point", "coordinates": [-71.06343390999996, 42.31856141900005]}, "properties": {"OBJECTID": 453, "Count_": 61, "Int_Number": 542, "Location": "Annabel St., Columbia Rd., & Holden St.", "Dist": "DO", "shape_wkt": "POINT (-71.063433909999958 42.318561419000048)", "POINT_X": -71.06343390999996, "POINT_Y": 42.31856141900005}}, {"type": "Feature", "id": 454, "geometry": {"type": "Point", "coordinates": [-71.07264869199997, 42.35043726300006]}, "properties": {"OBJECTID": 454, "Count_": 165, "Int_Number": 281, "Location": "Berkeley St. & St. James Ave.", "Dist": "BP", "shape_wkt": "POINT (-71.072648691999973 42.35043726300006)", "POINT_X": -71.07264869199997, "POINT_Y": 42.35043726300006}}, {"type": "Feature", "id": 455, "geometry": {"type": "Point", "coordinates": [-71.12742037299995, 42.28711840600005]}, "properties": {"OBJECTID": 455, "Count_": 63, "Int_Number": 2163, "Location": "Arborway Ramps, Forest Hills MBTA Station Busway Exit, South St., & Washington St.", "Dist": "WR", "shape_wkt": "POINT (-71.12742037299995 42.287118406000047)", "POINT_X": -71.12742037299995, "POINT_Y": 42.28711840600005}}, {"type": "Feature", "id": 456, "geometry": {"type": "Point", "coordinates": [-71.07261688999995, 42.355415332000064]}, "properties": {"OBJECTID": 456, "Count_": 70, "Int_Number": 71, "Location": "Arlington St., Beacon St., Embankment Rd., & Marlborough St.  (INT#71 & INT#72)", "Dist": "BP", "shape_wkt": "POINT (-71.072616889999949 42.355415332000064)", "POINT_X": -71.07261688999995, "POINT_Y": 42.355415332000064}}, {"type": "Feature", "id": 457, "geometry": {"type": "Point", "coordinates": [-71.06989879299994, 42.35015669500007]}, "properties": {"OBJECTID": 457, "Count_": 71, "Int_Number": 76, "Location": "Arlington St., Columbus Ave., & Stuart St.", "Dist": "BP", "shape_wkt": "POINT (-71.069898792999936 42.350156695000067)", "POINT_X": -71.06989879299994, "POINT_Y": 42.35015669500007}}, {"type": "Feature", "id": 458, "geometry": {"type": "Point", "coordinates": [-71.07150172699994, 42.35349746000003]}, "properties": {"OBJECTID": 458, "Count_": 72, "Int_Number": 73, "Location": "Arlington St., Commonwealth Ave., & Newbury St.  (INT#73 & INT#74)", "Dist": "BP", "shape_wkt": "POINT (-71.071501726999941 42.353497460000028)", "POINT_X": -71.07150172699994, "POINT_Y": 42.35349746000003}}, {"type": "Feature", "id": 459, "geometry": {"type": "Point", "coordinates": [-71.06859819699997, 42.347498302000076]}, "properties": {"OBJECTID": 459, "Count_": 73, "Int_Number": 364, "Location": "Arlington St., Herald St., & Tremont St.", "Dist": "BP", "shape_wkt": "POINT (-71.068598196999972 42.347498302000076)", "POINT_X": -71.06859819699997, "POINT_Y": 42.347498302000076}}, {"type": "Feature", "id": 460, "geometry": {"type": "Point", "coordinates": [-71.15192786799997, 42.35164921300003]}, "properties": {"OBJECTID": 460, "Count_": 74, "Int_Number": 334, "Location": "Arlington St., Market St., & Sparhawk St.", "Dist": "AB", "shape_wkt": "POINT (-71.151927867999973 42.35164921300003)", "POINT_X": -71.15192786799997, "POINT_Y": 42.35164921300003}}, {"type": "Feature", "id": 461, "geometry": {"type": "Point", "coordinates": [-71.07029366599994, 42.35110010200003]}, "properties": {"OBJECTID": 461, "Count_": 75, "Int_Number": 1378, "Location": "Arlington St., Park Plaza, & St. James Ave.", "Dist": "BP", "shape_wkt": "POINT (-71.070293665999941 42.351100102000032)", "POINT_X": -71.07029366599994, "POINT_Y": 42.35110010200003}}, {"type": "Feature", "id": 462, "geometry": {"type": "Point", "coordinates": [-71.06432227999994, 42.28571899800005]}, "properties": {"OBJECTID": 462, "Count_": 78, "Int_Number": 235, "Location": "Ashmont St., Dorchester Ave., & Talbot Ave. (Peabody Sq.)", "Dist": "DO", "shape_wkt": "POINT (-71.064322279999942 42.28571899800005)", "POINT_X": -71.06432227999994, "POINT_Y": 42.28571899800005}}, {"type": "Feature", "id": 463, "geometry": {"type": "Point", "coordinates": [-71.04842794199993, 42.29008802200008]}, "properties": {"OBJECTID": 463, "Count_": 79, "Int_Number": 585, "Location": "Ashmont St., Freeport St., & Neponset Ave.", "Dist": "DO", "shape_wkt": "POINT (-71.048427941999933 42.290088022000077)", "POINT_X": -71.04842794199993, "POINT_Y": 42.29008802200008}}, {"type": "Feature", "id": 464, "geometry": {"type": "Point", "coordinates": [-71.07515198899995, 42.29115520700003]}, "properties": {"OBJECTID": 464, "Count_": 80, "Int_Number": 4047, "Location": "Aspinwall St., Spencer St., & Talbot Ave.", "Dist": "DO", "shape_wkt": "POINT (-71.075151988999949 42.291155207000031)", "POINT_X": -71.07515198899995, "POINT_Y": 42.29115520700003}}, {"type": "Feature", "id": 465, "geometry": {"type": "Point", "coordinates": [-71.05118894299994, 42.36373385600007]}, "properties": {"OBJECTID": 465, "Count_": 92, "Int_Number": 33, "Location": "Atlantic Ave., Commercial St., Eastern St., & Fleet St.", "Dist": "BP", "shape_wkt": "POINT (-71.051188942999943 42.363733856000067)", "POINT_X": -71.05118894299994, "POINT_Y": 42.36373385600007}}, {"type": "Feature", "id": 466, "geometry": {"type": "Point", "coordinates": [-71.05259252799993, 42.36097856400005]}, "properties": {"OBJECTID": 466, "Count_": 93, "Int_Number": 1961, "Location": "Atlantic Ave., Cross St., & Mercantile St.  (Monitor #7002)", "Dist": "BP", "shape_wkt": "POINT (-71.052592527999934 42.36097856400005)", "POINT_X": -71.05259252799993, "POINT_Y": 42.36097856400005}}, {"type": "Feature", "id": 467, "geometry": {"type": "Point", "coordinates": [-71.05705701999995, 42.34953239200007]}, "properties": {"OBJECTID": 467, "Count_": 94, "Int_Number": 3078, "Location": "Atlantic Ave., Kneeland St., & Ramps", "Dist": "BP", "shape_wkt": "POINT (-71.057057019999945 42.349532392000071)", "POINT_X": -71.05705701999995, "POINT_Y": 42.34953239200007}}, {"type": "Feature", "id": 468, "geometry": {"type": "Point", "coordinates": [-71.06444863199994, 42.37556292200003]}, "properties": {"OBJECTID": 468, "Count_": 97, "Int_Number": 1545, "Location": "Austin St., Green St., & Main St.", "Dist": "CH", "shape_wkt": "POINT (-71.064448631999937 42.375562922000029)", "POINT_X": -71.06444863199994, "POINT_Y": 42.37556292200003}}, {"type": "Feature", "id": 469, "geometry": {"type": "Point", "coordinates": [-71.16183345399998, 42.27115913000006]}, "properties": {"OBJECTID": 469, "Count_": 110, "Int_Number": 1320, "Location": "Baker St., Centre Lane, & Centre St.", "Dist": "WR", "shape_wkt": "POINT (-71.161833453999975 42.271159130000058)", "POINT_X": -71.16183345399998, "POINT_Y": 42.27115913000006}}, {"type": "Feature", "id": 470, "geometry": {"type": "Point", "coordinates": [-71.09037353799994, 42.28720749400003]}, "properties": {"OBJECTID": 470, "Count_": 112, "Int_Number": 1010, "Location": "Balsam St., Blue Hill Ave., & Johnston Rd.", "Dist": "DO", "shape_wkt": "POINT (-71.090373537999938 42.287207494000029)", "POINT_X": -71.09037353799994, "POINT_Y": 42.28720749400003}}, {"type": "Feature", "id": 471, "geometry": {"type": "Point", "coordinates": [-71.06282261299998, 42.35149384600004]}, "properties": {"OBJECTID": 471, "Count_": 115, "Int_Number": 16, "Location": "Beach St., LaGrange St., & Washington St.", "Dist": "BP", "shape_wkt": "POINT (-71.06282261299998 42.351493846000039)", "POINT_X": -71.06282261299998, "POINT_Y": 42.35149384600004}}, {"type": "Feature", "id": 472, "geometry": {"type": "Point", "coordinates": [-71.14963366199999, 42.33600163500006]}, "properties": {"OBJECTID": 472, "Count_": 132, "Int_Number": 684, "Location": "Beacon St. & Prendergast St.", "Dist": "AB", "shape_wkt": "POINT (-71.149633661999985 42.336001635000059)", "POINT_X": -71.14963366199999, "POINT_Y": 42.33600163500006}}, {"type": "Feature", "id": 473, "geometry": {"type": "Point", "coordinates": [-71.14963366199999, 42.33600163500006]}, "properties": {"OBJECTID": 473, "Count_": 133, "Int_Number": 685, "Location": "Beacon St. & Prendergast St.", "Dist": "AB", "shape_wkt": "POINT (-71.149633661999985 42.336001635000059)", "POINT_X": -71.14963366199999, "POINT_Y": 42.33600163500006}}, {"type": "Feature", "id": 474, "geometry": {"type": "Point", "coordinates": [-71.09712703499997, 42.34879736600004]}, "properties": {"OBJECTID": 474, "Count_": 135, "Int_Number": 150, "Location": "Beacon St., Brookline Ave., Commonwealth Ave., & Deerfield St. (Kenmore Sq.)", "Dist": "BP", "shape_wkt": "POINT (-71.097127034999971 42.348797366000042)", "POINT_X": -71.09712703499997, "POINT_Y": 42.34879736600004}}, {"type": "Feature", "id": 475, "geometry": {"type": "Point", "coordinates": [-71.09712703599996, 42.34879736500005]}, "properties": {"OBJECTID": 475, "Count_": 136, "Int_Number": 3086, "Location": "Beacon St., Commonwealth Ave., & Raleigh St.", "Dist": "BP", "shape_wkt": "POINT (-71.097127035999961 42.348797365000053)", "POINT_X": -71.09712703599996, "POINT_Y": 42.34879736500005}}, {"type": "Feature", "id": 476, "geometry": {"type": "Point", "coordinates": [-71.06044271999997, 42.35801022900006]}, "properties": {"OBJECTID": 476, "Count_": 137, "Int_Number": 11, "Location": "Beacon St., School St., & Tremont St.", "Dist": "BP", "shape_wkt": "POINT (-71.060442719999969 42.358010229000058)", "POINT_X": -71.06044271999997, "POINT_Y": 42.35801022900006}}, {"type": "Feature", "id": 477, "geometry": {"type": "Point", "coordinates": [-71.13699134199999, 42.278310032000036]}, "properties": {"OBJECTID": 477, "Count_": 140, "Int_Number": 579, "Location": "Beech St., Walworth St., & Washington St.  (Monitor #583)", "Dist": "WR", "shape_wkt": "POINT (-71.136991341999988 42.278310032000036)", "POINT_X": -71.13699134199999, "POINT_Y": 42.278310032000036}}, {"type": "Feature", "id": 478, "geometry": {"type": "Point", "coordinates": [-71.15005081899994, 42.28727581900006]}, "properties": {"OBJECTID": 478, "Count_": 143, "Int_Number": 260, "Location": "Belgrade Ave., Centre St. & Manthorne Rd.", "Dist": "WR", "shape_wkt": "POINT (-71.150050818999944 42.287275819000058)", "POINT_X": -71.15005081899994, "POINT_Y": 42.28727581900006}}, {"type": "Feature", "id": 479, "geometry": {"type": "Point", "coordinates": [-71.15696685299997, 42.28372305400006]}, "properties": {"OBJECTID": 479, "Count_": 145, "Int_Number": 1086, "Location": "Bellevue St., Bird Pl., & Centre St.", "Dist": "WR", "shape_wkt": "POINT (-71.156966852999972 42.283723054000063)", "POINT_X": -71.15696685299997, "POINT_Y": 42.28372305400006}}, {"type": "Feature", "id": 480, "geometry": {"type": "Point", "coordinates": [-71.06838517599994, 42.31263361200007]}, "properties": {"OBJECTID": 480, "Count_": 146, "Int_Number": 4081, "Location": "Bellevue St., Columbia Rd., & Glendale St.", "Dist": "DO", "shape_wkt": "POINT (-71.068385175999936 42.31263361200007)", "POINT_X": -71.06838517599994, "POINT_Y": 42.31263361200007}}, {"type": "Feature", "id": 481, "geometry": {"type": "Point", "coordinates": [-71.08182034899994, 42.345429394000064]}, "properties": {"OBJECTID": 481, "Count_": 148, "Int_Number": 102, "Location": "Belvidere St., Huntington Ave., & West Newton St.", "Dist": "BP", "shape_wkt": "POINT (-71.081820348999941 42.345429394000064)", "POINT_X": -71.08182034899994, "POINT_Y": 42.345429394000064}}, {"type": "Feature", "id": 482, "geometry": {"type": "Point", "coordinates": [-71.03367237299994, 42.37685580400006]}, "properties": {"OBJECTID": 482, "Count_": 157, "Int_Number": 296, "Location": "Bennington St., Brooks St., & Havre St.", "Dist": "EB", "shape_wkt": "POINT (-71.033672372999945 42.376855804000058)", "POINT_X": -71.03367237299994, "POINT_Y": 42.37685580400006}}, {"type": "Feature", "id": 483, "geometry": {"type": "Point", "coordinates": [-71.07383610899996, 42.352867038000056]}, "properties": {"OBJECTID": 483, "Count_": 161, "Int_Number": 106, "Location": "Berkeley St. & Commonwealth Ave.", "Dist": "BP", "shape_wkt": "POINT (-71.073836108999956 42.352867038000056)", "POINT_X": -71.07383610899996, "POINT_Y": 42.352867038000056}}, {"type": "Feature", "id": 484, "geometry": {"type": "Point", "coordinates": [-71.07383610899996, 42.352867038000056]}, "properties": {"OBJECTID": 484, "Count_": 162, "Int_Number": 107, "Location": "Berkeley St. & Commonwealth Ave.", "Dist": "BP", "shape_wkt": "POINT (-71.073836108999956 42.352867038000056)", "POINT_X": -71.07383610899996, "POINT_Y": 42.352867038000056}}, {"type": "Feature", "id": 485, "geometry": {"type": "Point", "coordinates": [-71.06983609799994, 42.34528296500008]}, "properties": {"OBJECTID": 485, "Count_": 167, "Int_Number": 86, "Location": "Berkeley St., East Berkeley St., & Tremont St.", "Dist": "BP", "shape_wkt": "POINT (-71.069836097999939 42.345282965000081)", "POINT_X": -71.06983609799994, "POINT_Y": 42.34528296500008}}, {"type": "Feature", "id": 486, "geometry": {"type": "Point", "coordinates": [-71.14743184699995, 42.35886411000007]}, "properties": {"OBJECTID": 486, "Count_": 173, "Int_Number": 9014, "Location": "Birmingham Pkwy, Lincoln St., & Market St.", "Dist": "AB", "shape_wkt": "POINT (-71.14743184699995 42.35886411000007)", "POINT_X": -71.14743184699995, "POINT_Y": 42.35886411000007}}, {"type": "Feature", "id": 487, "geometry": {"type": "Point", "coordinates": [-71.10057009999997, 42.34939541000006]}, "properties": {"OBJECTID": 487, "Count_": 177, "Int_Number": 760, "Location": "Blandford St., Commonwealth Ave., & Silber Way", "Dist": "BP", "shape_wkt": "POINT (-71.10057009999997 42.349395410000056)", "POINT_X": -71.10057009999997, "POINT_Y": 42.34939541000006}}, {"type": "Feature", "id": 488, "geometry": {"type": "Point", "coordinates": [-71.06697572799999, 42.36112828800003]}, "properties": {"OBJECTID": 488, "Count_": 178, "Int_Number": 740, "Location": "Blossom St., Cambridge St., & Garden St.", "Dist": "BP", "shape_wkt": "POINT (-71.066975727999989 42.361128288000032)", "POINT_X": -71.06697572799999, "POINT_Y": 42.36112828800003}}, {"type": "Feature", "id": 489, "geometry": {"type": "Point", "coordinates": [-71.08327889799995, 42.30847500300007]}, "properties": {"OBJECTID": 489, "Count_": 195, "Int_Number": 190, "Location": "Blue Hill Ave., Cheney St., & Washington St.", "Dist": "RX", "shape_wkt": "POINT (-71.083278897999946 42.308475003000069)", "POINT_X": -71.08327889799995, "POINT_Y": 42.30847500300007}}, {"type": "Feature", "id": 490, "geometry": {"type": "Point", "coordinates": [-71.07497637099993, 42.32534216100004]}, "properties": {"OBJECTID": 490, "Count_": 197, "Int_Number": 306, "Location": "Blue Hill Ave., Dudley St., & Magazine St.", "Dist": "RX", "shape_wkt": "POINT (-71.074976370999934 42.325342161000037)", "POINT_X": -71.07497637099993, "POINT_Y": 42.32534216100004}}, {"type": "Feature", "id": 491, "geometry": {"type": "Point", "coordinates": [-71.09300400899997, 42.27929708200003]}, "properties": {"OBJECTID": 491, "Count_": 198, "Int_Number": 984, "Location": "Blue Hill Ave., Fessenden St., & Wellington Hill St.", "Dist": "DO", "shape_wkt": "POINT (-71.093004008999969 42.279297082000028)", "POINT_X": -71.09300400899997, "POINT_Y": 42.27929708200003}}, {"type": "Feature", "id": 492, "geometry": {"type": "Point", "coordinates": [-71.08572993699994, 42.30195217600004]}, "properties": {"OBJECTID": 492, "Count_": 199, "Int_Number": 215, "Location": "Blue Hill Ave., Glen Lane, & Glenway St.", "Dist": "DO", "shape_wkt": "POINT (-71.08572993699994 42.301952176000043)", "POINT_X": -71.08572993699994, "POINT_Y": 42.30195217600004}}, {"type": "Feature", "id": 493, "geometry": {"type": "Point", "coordinates": [-71.08810643799995, 42.294767258000036]}, "properties": {"OBJECTID": 493, "Count_": 200, "Int_Number": 217, "Location": "Blue Hill Ave., Harvard St., & Talbot Ave.", "Dist": "DO", "shape_wkt": "POINT (-71.088106437999954 42.294767258000036)", "POINT_X": -71.08810643799995, "POINT_Y": 42.294767258000036}}, {"type": "Feature", "id": 494, "geometry": {"type": "Point", "coordinates": [-71.00803616399998, 42.38713233000004]}, "properties": {"OBJECTID": 494, "Count_": 202, "Int_Number": 430, "Location": "Boardman St., Ford St., & Saratoga St.", "Dist": "EB", "shape_wkt": "POINT (-71.008036163999975 42.387132330000043)", "POINT_X": -71.00803616399998, "POINT_Y": 42.38713233000004}}, {"type": "Feature", "id": 495, "geometry": {"type": "Point", "coordinates": [-71.06142796699999, 42.32043007000004]}, "properties": {"OBJECTID": 495, "Count_": 206, "Int_Number": 220, "Location": "Boston St., Columbia Rd., & Massachusetts Ave. (Edward Everett Sq.)", "Dist": "DO", "shape_wkt": "POINT (-71.061427966999986 42.320430070000043)", "POINT_X": -71.06142796699999, "POINT_Y": 42.32043007000004}}, {"type": "Feature", "id": 496, "geometry": {"type": "Point", "coordinates": [-71.05696808499994, 42.329509734000055]}, "properties": {"OBJECTID": 496, "Count_": 207, "Int_Number": 172, "Location": "Boston St., Dorchester Ave., Dorchester St., Southampton St., & Preble St. (Andrew Square)", "Dist": "SB", "shape_wkt": "POINT (-71.056968084999937 42.329509734000055)", "POINT_X": -71.05696808499994, "POINT_Y": 42.329509734000055}}, {"type": "Feature", "id": 497, "geometry": {"type": "Point", "coordinates": [-71.04716757499995, 42.34955431000003]}, "properties": {"OBJECTID": 497, "Count_": 209, "Int_Number": 4057, "Location": "Boston Wharf Rd., Congress St., & West Service Rd.", "Dist": "SB", "shape_wkt": "POINT (-71.047167574999946 42.34955431000003)", "POINT_X": -71.04716757499995, "POINT_Y": 42.34955431000003}}, {"type": "Feature", "id": 498, "geometry": {"type": "Point", "coordinates": [-71.06287317799996, 42.361175882000055]}, "properties": {"OBJECTID": 498, "Count_": 214, "Int_Number": 37, "Location": "Bowdoin St., Cambridge St., & New Chardon St.", "Dist": "BP", "shape_wkt": "POINT (-71.062873177999961 42.361175882000055)", "POINT_X": -71.06287317799996, "POINT_Y": 42.361175882000055}}, {"type": "Feature", "id": 499, "geometry": {"type": "Point", "coordinates": [-71.07365975199997, 42.29938823300006]}, "properties": {"OBJECTID": 499, "Count_": 215, "Int_Number": 359, "Location": "Bowdoin St., Harvard St., & Washington St.", "Dist": "DO", "shape_wkt": "POINT (-71.073659751999969 42.299388233000059)", "POINT_X": -71.07365975199997, "POINT_Y": 42.29938823300006}}, {"type": "Feature", "id": 500, "geometry": {"type": "Point", "coordinates": [-71.10263339699998, 42.34332576700007]}, "properties": {"OBJECTID": 500, "Count_": 231, "Int_Number": 9002, "Location": "Boylston St., Brookline Ave., & Park Drive  (Formerly #158)", "Dist": "BP", "shape_wkt": "POINT (-71.102633396999977 42.343325767000067)", "POINT_X": -71.10263339699998, "POINT_Y": 42.34332576700007}}, {"type": "Feature", "id": 501, "geometry": {"type": "Point", "coordinates": [-71.11162027399996, 42.319503387000054]}, "properties": {"OBJECTID": 501, "Count_": 232, "Int_Number": 239, "Location": "Boylston St., Centre St., Moraine St., & South Huntington Ave.", "Dist": "WR", "shape_wkt": "POINT (-71.111620273999961 42.319503387000054)", "POINT_X": -71.11162027399996, "POINT_Y": 42.319503387000054}}, {"type": "Feature", "id": 502, "geometry": {"type": "Point", "coordinates": [-71.07123658099994, 42.38273687700007]}, "properties": {"OBJECTID": 502, "Count_": 233, "Int_Number": 66, "Location": "Boylston St., Charles St., & Charles St. South", "Dist": "BP", "shape_wkt": "POINT (-71.071236580999937 42.38273687700007)", "POINT_X": -71.07123658099994, "POINT_Y": 42.38273687700007}}, {"type": "Feature", "id": 503, "geometry": {"type": "Point", "coordinates": [-71.08560156699997, 42.347871431000044]}, "properties": {"OBJECTID": 503, "Count_": 234, "Int_Number": 1357, "Location": "Boylston St., Dalton St., & Hereford St.", "Dist": "BP", "shape_wkt": "POINT (-71.085601566999969 42.347871431000044)", "POINT_X": -71.08560156699997, "POINT_Y": 42.347871431000044}}, {"type": "Feature", "id": 504, "geometry": {"type": "Point", "coordinates": [-71.06260956399996, 42.352381199000035]}, "properties": {"OBJECTID": 504, "Count_": 235, "Int_Number": 17, "Location": "Boylston St., Essex St., & Washington St.", "Dist": "BP", "shape_wkt": "POINT (-71.062609563999956 42.352381199000035)", "POINT_X": -71.06260956399996, "POINT_Y": 42.352381199000035}}, {"type": "Feature", "id": 505, "geometry": {"type": "Point", "coordinates": [-71.08909398699996, 42.346931254000026]}, "properties": {"OBJECTID": 505, "Count_": 236, "Int_Number": 609, "Location": "Boylston St., Hemenway St., & Ipswich St.", "Dist": "BP", "shape_wkt": "POINT (-71.089093986999956 42.346931254000026)", "POINT_X": -71.08909398699996, "POINT_Y": 42.346931254000026}}, {"type": "Feature", "id": 506, "geometry": {"type": "Point", "coordinates": [-71.09781999399996, 42.34457062800004]}, "properties": {"OBJECTID": 506, "Count_": 237, "Int_Number": 753, "Location": "Boylston St., Jersey St., & Yawkey Way", "Dist": "BP", "shape_wkt": "POINT (-71.097819993999963 42.344570628000042)", "POINT_X": -71.09781999399996, "POINT_Y": 42.34457062800004}}, {"type": "Feature", "id": 507, "geometry": {"type": "Point", "coordinates": [-71.07228131899996, 42.332628671000066]}, "properties": {"OBJECTID": 507, "Count_": 238, "Int_Number": 135, "Location": "Bradston St., JFF On-Ramp, Massachusetts Ave., & Southampton St.", "Dist": "RX", "shape_wkt": "POINT (-71.072281318999956 42.332628671000066)", "POINT_X": -71.07228131899996, "POINT_Y": 42.332628671000066}}, {"type": "Feature", "id": 508, "geometry": {"type": "Point", "coordinates": [-71.13746609399993, 42.353580269000076]}, "properties": {"OBJECTID": 508, "Count_": 243, "Int_Number": 186, "Location": "Brighton Ave., Cambridge St., & North Beacon St. (Union Sq.)", "Dist": "AB", "shape_wkt": "POINT (-71.137466093999933 42.353580269000076)", "POINT_X": -71.13746609399993, "POINT_Y": 42.353580269000076}}, {"type": "Feature", "id": 509, "geometry": {"type": "Point", "coordinates": [-71.12473138199994, 42.35206896700004]}, "properties": {"OBJECTID": 509, "Count_": 244, "Int_Number": 179, "Location": "Brighton Ave., Commonwealth Ave., & Malvern St. (Packards Corner)", "Dist": "AB", "shape_wkt": "POINT (-71.124731381999936 42.352068967000037)", "POINT_X": -71.12473138199994, "POINT_Y": 42.35206896700004}}, {"type": "Feature", "id": 510, "geometry": {"type": "Point", "coordinates": [-71.09316935699997, 42.32079446200004]}, "properties": {"OBJECTID": 510, "Count_": 245, "Int_Number": 683, "Location": "Brinton St., Marcella St., & Washington St.  (Monitor #4092)", "Dist": "RX", "shape_wkt": "POINT (-71.093169356999965 42.320794462000038)", "POINT_X": -71.09316935699997, "POINT_Y": 42.32079446200004}}, {"type": "Feature", "id": 511, "geometry": {"type": "Point", "coordinates": [-71.10830661399996, 42.33797367100004]}, "properties": {"OBJECTID": 511, "Count_": 254, "Int_Number": 472, "Location": "Brookline Ave., Deaconess Rd., & Jimmy Fund Way", "Dist": "RX", "shape_wkt": "POINT (-71.108306613999957 42.337973671000043)", "POINT_X": -71.10830661399996, "POINT_Y": 42.33797367100004}}, {"type": "Feature", "id": 512, "geometry": {"type": "Point", "coordinates": [-71.10324438999999, 42.342741845000035]}, "properties": {"OBJECTID": 512, "Count_": 255, "Int_Number": 9011, "Location": "Brookline Ave., Fenway, & Riverway", "Dist": "RX", "shape_wkt": "POINT (-71.103244389999986 42.342741845000035)", "POINT_X": -71.10324438999999, "POINT_Y": 42.342741845000035}}, {"type": "Feature", "id": 513, "geometry": {"type": "Point", "coordinates": [-71.10097882799994, 42.344894460000035]}, "properties": {"OBJECTID": 513, "Count_": 256, "Int_Number": 4077, "Location": "Brookline Ave., Fullerton St., & Kilmarnock St.", "Dist": "BP", "shape_wkt": "POINT (-71.100978827999938 42.344894460000035)", "POINT_X": -71.10097882799994, "POINT_Y": 42.344894460000035}}, {"type": "Feature", "id": 514, "geometry": {"type": "Point", "coordinates": [-71.11575272399995, 42.35121924600003]}, "properties": {"OBJECTID": 514, "Count_": 260, "Int_Number": 604, "Location": "Buick St., Commonwealth Ave., & St. Paul St.", "Dist": "AB", "shape_wkt": "POINT (-71.115752723999947 42.351219246000028)", "POINT_X": -71.11575272399995, "POINT_Y": 42.35121924600003}}, {"type": "Feature", "id": 515, "geometry": {"type": "Point", "coordinates": [-71.05709001099996, 42.37708866100007]}, "properties": {"OBJECTID": 515, "Count_": 262, "Int_Number": 1657, "Location": "Bunker Hill St., Tufts St., & Vine St.  (Hayes Square)", "Dist": "CH", "shape_wkt": "POINT (-71.057090010999957 42.377088661000073)", "POINT_X": -71.05709001099996, "POINT_Y": 42.37708866100007}}, {"type": "Feature", "id": 516, "geometry": {"type": "Point", "coordinates": [-71.07066846699996, 42.31954842500005]}, "properties": {"OBJECTID": 516, "Count_": 263, "Int_Number": 4127, "Location": "Burgess St., Dudley St., & Folsom St.", "Dist": "DO", "shape_wkt": "POINT (-71.070668466999962 42.31954842500005)", "POINT_X": -71.07066846699996, "POINT_Y": 42.31954842500005}}, {"type": "Feature", "id": 517, "geometry": {"type": "Point", "coordinates": [-71.12557484299998, 42.25563017400003]}, "properties": {"OBJECTID": 517, "Count_": 265, "Int_Number": 1468, "Location": "Business St., Gordon Ave., & River St.", "Dist": "HP", "shape_wkt": "POINT (-71.125574842999981 42.255630174000032)", "POINT_X": -71.12557484299998, "POINT_Y": 42.25563017400003}}, {"type": "Feature", "id": 518, "geometry": {"type": "Point", "coordinates": [-71.10482228799998, 42.334146075000035]}, "properties": {"OBJECTID": 518, "Count_": 268, "Int_Number": 197, "Location": "Calumet St., Francis St., Huntington Ave., & Tremont St. (Brigham Cir.) (Monitor #198)", "Dist": "RX", "shape_wkt": "POINT (-71.10482228799998 42.334146075000035)", "POINT_X": -71.10482228799998, "POINT_Y": 42.334146075000035}}, {"type": "Feature", "id": 519, "geometry": {"type": "Point", "coordinates": [-71.05987037299997, 42.35948070500007]}, "properties": {"OBJECTID": 519, "Count_": 281, "Int_Number": 2020, "Location": "Cambridge St., Court St., & Tremont St.", "Dist": "BP", "shape_wkt": "POINT (-71.059870372999967 42.359480705000067)", "POINT_X": -71.05987037299997, "POINT_Y": 42.35948070500007}}, {"type": "Feature", "id": 520, "geometry": {"type": "Point", "coordinates": [-71.06875367599997, 42.36108488900004]}, "properties": {"OBJECTID": 520, "Count_": 283, "Int_Number": 723, "Location": "Cambridge St., Grove St., & North Grove St.", "Dist": "BP", "shape_wkt": "POINT (-71.068753675999972 42.36108488900004)", "POINT_X": -71.06875367599997, "POINT_Y": 42.36108488900004}}, {"type": "Feature", "id": 521, "geometry": {"type": "Point", "coordinates": [-71.12800200099997, 42.35727925300006]}, "properties": {"OBJECTID": 521, "Count_": 284, "Int_Number": 1325, "Location": "Cambridge St., Lincoln St., & Service Rd.", "Dist": "AB", "shape_wkt": "POINT (-71.12800200099997 42.357279253000058)", "POINT_X": -71.12800200099997, "POINT_Y": 42.35727925300006}}, {"type": "Feature", "id": 522, "geometry": {"type": "Point", "coordinates": [-71.06132111399995, 42.36085920600004]}, "properties": {"OBJECTID": 522, "Count_": 285, "Int_Number": 38, "Location": "Cambridge St., New Sudbury St., & Somerset St.", "Dist": "BP", "shape_wkt": "POINT (-71.061321113999952 42.360859206000043)", "POINT_X": -71.06132111399995, "POINT_Y": 42.36085920600004}}, {"type": "Feature", "id": 523, "geometry": {"type": "Point", "coordinates": [-71.07957849499996, 42.382303093000075]}, "properties": {"OBJECTID": 523, "Count_": 286, "Int_Number": 592, "Location": "Cambridge St., Parker St., & Stark St.", "Dist": "CH", "shape_wkt": "POINT (-71.079578494999964 42.382303093000075)", "POINT_X": -71.07957849499996, "POINT_Y": 42.382303093000075}}, {"type": "Feature", "id": 524, "geometry": {"type": "Point", "coordinates": [-71.14702264099998, 42.35015564200006]}, "properties": {"OBJECTID": 524, "Count_": 287, "Int_Number": 619, "Location": "Cambridge St., Sparhawk St., & Warren St.", "Dist": "AB", "shape_wkt": "POINT (-71.147022640999978 42.350155642000061)", "POINT_X": -71.14702264099998, "POINT_Y": 42.35015564200006}}, {"type": "Feature", "id": 525, "geometry": {"type": "Point", "coordinates": [-71.06381845599998, 42.36115546100007]}, "properties": {"OBJECTID": 525, "Count_": 288, "Int_Number": 121, "Location": "Cambridge St., Staniford St., & Temple St.", "Dist": "BP", "shape_wkt": "POINT (-71.063818455999979 42.361155461000067)", "POINT_X": -71.06381845599998, "POINT_Y": 42.36115546100007}}, {"type": "Feature", "id": 526, "geometry": {"type": "Point", "coordinates": [-71.15043260499993, 42.348909879000075]}, "properties": {"OBJECTID": 526, "Count_": 289, "Int_Number": 633, "Location": "Cambridge St., Washington St., & Winship St. (Morgan Sq.)", "Dist": "AB", "shape_wkt": "POINT (-71.150432604999935 42.348909879000075)", "POINT_X": -71.15043260499993, "POINT_Y": 42.348909879000075}}, {"type": "Feature", "id": 527, "geometry": {"type": "Point", "coordinates": [-71.12368042999998, 42.27805990600007]}, "properties": {"OBJECTID": 527, "Count_": 292, "Int_Number": 1730, "Location": "Canterbury St., Grew Ave., & Poplar St.", "Dist": "WR", "shape_wkt": "POINT (-71.123680429999979 42.278059906000067)", "POINT_X": -71.12368042999998, "POINT_Y": 42.27805990600007}}, {"type": "Feature", "id": 528, "geometry": {"type": "Point", "coordinates": [-71.10942223599994, 42.35024991100005]}, "properties": {"OBJECTID": 528, "Count_": 294, "Int_Number": 1329, "Location": "Carlton St., Commonwealth Ave., & University Rd.", "Dist": "BP", "shape_wkt": "POINT (-71.109422235999943 42.350249911000049)", "POINT_X": -71.10942223599994, "POINT_Y": 42.35024991100005}}, {"type": "Feature", "id": 529, "geometry": {"type": "Point", "coordinates": [-71.05847102499996, 42.366972418000046]}, "properties": {"OBJECTID": 529, "Count_": 298, "Int_Number": 29, "Location": "Causeway St., Commercial St., & North Washington St. (Keany Sq.)", "Dist": "BP", "shape_wkt": "POINT (-71.05847102499996 42.366972418000046)", "POINT_X": -71.05847102499996, "POINT_Y": 42.366972418000046}}, {"type": "Feature", "id": 530, "geometry": {"type": "Point", "coordinates": [-71.06336304699994, 42.36417340300005]}, "properties": {"OBJECTID": 530, "Count_": 299, "Int_Number": 109, "Location": "Causeway St., Lomasney Way, Merrimac St., & Staniford St.", "Dist": "BP", "shape_wkt": "POINT (-71.063363046999939 42.364173403000052)", "POINT_X": -71.06336304699994, "POINT_Y": 42.36417340300005}}, {"type": "Feature", "id": 531, "geometry": {"type": "Point", "coordinates": [-71.07220487199999, 42.349532804000035]}, "properties": {"OBJECTID": 531, "Count_": 166, "Int_Number": 279, "Location": "Berkeley St. & Stuart St.", "Dist": "BP", "shape_wkt": "POINT (-71.072204871999986 42.349532804000035)", "POINT_X": -71.07220487199999, "POINT_Y": 42.349532804000035}}, {"type": "Feature", "id": 532, "geometry": {"type": "Point", "coordinates": [-71.07950676299998, 42.29244450400006]}, "properties": {"OBJECTID": 532, "Count_": 168, "Int_Number": 1186, "Location": "Bernard St. & Talbot Ave.", "Dist": "DO", "shape_wkt": "POINT (-71.079506762999983 42.292444504000059)", "POINT_X": -71.07950676299998, "POINT_Y": 42.29244450400006}}, {"type": "Feature", "id": 533, "geometry": {"type": "Point", "coordinates": [-71.10613900799996, 42.338260571000035]}, "properties": {"OBJECTID": 533, "Count_": 171, "Int_Number": 1310, "Location": "Binney St. & Longwood Ave.", "Dist": "RX", "shape_wkt": "POINT (-71.106139007999957 42.338260571000035)", "POINT_X": -71.10613900799996, "POINT_Y": 42.338260571000035}}, {"type": "Feature", "id": 534, "geometry": {"type": "Point", "coordinates": [-71.06741289399997, 42.314616020000074]}, "properties": {"OBJECTID": 534, "Count_": 172, "Int_Number": 536, "Location": "Bird St. & Columbia Rd.", "Dist": "DO", "shape_wkt": "POINT (-71.067412893999972 42.314616020000074)", "POINT_X": -71.06741289399997, "POINT_Y": 42.314616020000074}}, {"type": "Feature", "id": 535, "geometry": {"type": "Point", "coordinates": [-71.10515116899995, 42.33778725700006]}, "properties": {"OBJECTID": 535, "Count_": 174, "Int_Number": 708, "Location": "Blackfan Circle & Longwood Ave.", "Dist": "RX", "shape_wkt": "POINT (-71.105151168999953 42.337787257000059)", "POINT_X": -71.10515116899995, "POINT_Y": 42.33778725700006}}, {"type": "Feature", "id": 536, "geometry": {"type": "Point", "coordinates": [-71.04687691099997, 42.28813769300007]}, "properties": {"OBJECTID": 536, "Count_": 175, "Int_Number": 1345, "Location": "Blackwell St. & Neponset Ave.", "Dist": "DO", "shape_wkt": "POINT (-71.04687691099997 42.288137693000067)", "POINT_X": -71.04687691099997, "POINT_Y": 42.28813769300007}}, {"type": "Feature", "id": 537, "geometry": {"type": "Point", "coordinates": [-71.11882778599994, 42.28549600100007]}, "properties": {"OBJECTID": 537, "Count_": 176, "Int_Number": 563, "Location": "Blakemore St. & Hyde Park Ave.", "Dist": "WR", "shape_wkt": "POINT (-71.11882778599994 42.28549600100007)", "POINT_X": -71.11882778599994, "POINT_Y": 42.28549600100007}}, {"type": "Feature", "id": 538, "geometry": {"type": "Point", "coordinates": [-71.09243288499994, 42.28090344700007]}, "properties": {"OBJECTID": 538, "Count_": 179, "Int_Number": 1813, "Location": "Blue Hill Ave. & Clarkwood St.", "Dist": "DO", "shape_wkt": "POINT (-71.092432884999937 42.280903447000071)", "POINT_X": -71.09243288499994, "POINT_Y": 42.28090344700007}}, {"type": "Feature", "id": 539, "geometry": {"type": "Point", "coordinates": [-71.08505876599997, 42.30350429900005]}, "properties": {"OBJECTID": 539, "Count_": 180, "Int_Number": 218, "Location": "Blue Hill Ave. & Columbia Rd.", "Dist": "DO", "shape_wkt": "POINT (-71.085058765999975 42.303504299000053)", "POINT_X": -71.08505876599997, "POINT_Y": 42.30350429900005}}, {"type": "Feature", "id": 540, "geometry": {"type": "Point", "coordinates": [-71.09386840199994, 42.268693607000046]}, "properties": {"OBJECTID": 540, "Count_": 181, "Int_Number": 843, "Location": "Blue Hill Ave. & Fairway St.", "Dist": "DO", "shape_wkt": "POINT (-71.093868401999941 42.268693607000046)", "POINT_X": -71.09386840199994, "POINT_Y": 42.268693607000046}}, {"type": "Feature", "id": 541, "geometry": {"type": "Point", "coordinates": [-71.08073929299997, 42.31189522500006]}, "properties": {"OBJECTID": 541, "Count_": 182, "Int_Number": 1437, "Location": "Blue Hill Ave. & Intervale St.", "Dist": "RX", "shape_wkt": "POINT (-71.080739292999965 42.311895225000058)", "POINT_X": -71.08073929299997, "POINT_Y": 42.31189522500006}}, {"type": "Feature", "id": 542, "geometry": {"type": "Point", "coordinates": [-71.07667721899998, 42.32288697200005]}, "properties": {"OBJECTID": 542, "Count_": 183, "Int_Number": 1729, "Location": "Blue Hill Ave. & Moreland St.", "Dist": "RX", "shape_wkt": "POINT (-71.076677218999976 42.322886972000049)", "POINT_X": -71.07667721899998, "POINT_Y": 42.32288697200005}}, {"type": "Feature", "id": 543, "geometry": {"type": "Point", "coordinates": [-71.09340865499996, 42.27609219900006]}, "properties": {"OBJECTID": 543, "Count_": 184, "Int_Number": 231, "Location": "Blue Hill Ave. & Norfolk St.", "Dist": "DO", "shape_wkt": "POINT (-71.093408654999962 42.276092199000061)", "POINT_X": -71.09340865499996, "POINT_Y": 42.27609219900006}}, {"type": "Feature", "id": 544, "geometry": {"type": "Point", "coordinates": [-71.07883244999994, 42.31460698400008]}, "properties": {"OBJECTID": 544, "Count_": 185, "Int_Number": 394, "Location": "Blue Hill Ave. & Quincy St.", "Dist": "RX", "shape_wkt": "POINT (-71.078832449999936 42.314606984000079)", "POINT_X": -71.07883244999994, "POINT_Y": 42.31460698400008}}, {"type": "Feature", "id": 545, "geometry": {"type": "Point", "coordinates": [-71.09374813399995, 42.27170141200003]}, "properties": {"OBJECTID": 545, "Count_": 186, "Int_Number": 957, "Location": "Blue Hill Ave. & Regis Rd.", "Dist": "DO", "shape_wkt": "POINT (-71.093748133999952 42.271701412000027)", "POINT_X": -71.09374813399995, "POINT_Y": 42.27170141200003}}, {"type": "Feature", "id": 546, "geometry": {"type": "Point", "coordinates": [-71.08475873999998, 42.30525053200006]}, "properties": {"OBJECTID": 546, "Count_": 187, "Int_Number": 2103, "Location": "Blue Hill Ave. & Seaver St.", "Dist": "RX", "shape_wkt": "POINT (-71.084758739999984 42.305250532000059)", "POINT_X": -71.08475873999998, "POINT_Y": 42.30525053200006}}, {"type": "Feature", "id": 547, "geometry": {"type": "Point", "coordinates": [-71.09358124899995, 42.277246984000044]}, "properties": {"OBJECTID": 547, "Count_": 189, "Int_Number": 232, "Location": "Blue Hill Ave. & Walk Hill St.", "Dist": "DO", "shape_wkt": "POINT (-71.093581248999953 42.277246984000044)", "POINT_X": -71.09358124899995, "POINT_Y": 42.277246984000044}}, {"type": "Feature", "id": 548, "geometry": {"type": "Point", "coordinates": [-71.08905704699998, 42.29117628900008]}, "properties": {"OBJECTID": 548, "Count_": 192, "Int_Number": 1011, "Location": "Blue Hill Ave. & Westview St.", "Dist": "DO", "shape_wkt": "POINT (-71.089057046999983 42.291176289000077)", "POINT_X": -71.08905704699998, "POINT_Y": 42.29117628900008}}, {"type": "Feature", "id": 549, "geometry": {"type": "Point", "coordinates": [-71.09369193999999, 42.273396870000056]}, "properties": {"OBJECTID": 549, "Count_": 193, "Int_Number": 1842, "Location": "Blue Hill Ave. & Woodhaven St.", "Dist": "DO", "shape_wkt": "POINT (-71.093691939999985 42.273396870000056)", "POINT_X": -71.09369193999999, "POINT_Y": 42.273396870000056}}, {"type": "Feature", "id": 550, "geometry": {"type": "Point", "coordinates": [-71.09085607299994, 42.285653409000076]}, "properties": {"OBJECTID": 550, "Count_": 194, "Int_Number": 1009, "Location": "Blue Hill Ave. & Woodrow Ave.", "Dist": "DO", "shape_wkt": "POINT (-71.090856072999941 42.285653409000076)", "POINT_X": -71.09085607299994, "POINT_Y": 42.285653409000076}}, {"type": "Feature", "id": 551, "geometry": {"type": "Point", "coordinates": [-71.06020492999994, 42.32366002100008]}, "properties": {"OBJECTID": 551, "Count_": 204, "Int_Number": 1809, "Location": "Boston St. & Harvest St.", "Dist": "DO", "shape_wkt": "POINT (-71.060204929999941 42.32366002100008)", "POINT_X": -71.06020492999994, "POINT_Y": 42.32366002100008}}, {"type": "Feature", "id": 552, "geometry": {"type": "Point", "coordinates": [-71.05885337499996, 42.32594548600008]}, "properties": {"OBJECTID": 552, "Count_": 205, "Int_Number": 1418, "Location": "Boston St. & Washburn St.", "Dist": "SB", "shape_wkt": "POINT (-71.058853374999956 42.32594548600008)", "POINT_X": -71.05885337499996, "POINT_Y": 42.32594548600008}}, {"type": "Feature", "id": 553, "geometry": {"type": "Point", "coordinates": [-71.04554986099998, 42.351734941000075]}, "properties": {"OBJECTID": 553, "Count_": 208, "Int_Number": 3108, "Location": "Boston Wharf Rd. & Seaport Blvd.", "Dist": "SB", "shape_wkt": "POINT (-71.045549860999984 42.351734941000075)", "POINT_X": -71.04554986099998, "POINT_Y": 42.351734941000075}}, {"type": "Feature", "id": 554, "geometry": {"type": "Point", "coordinates": [-71.07154589799995, 42.30344235800004]}, "properties": {"OBJECTID": 554, "Count_": 210, "Int_Number": 139, "Location": "Bowdoin St. & Geneva Ave.", "Dist": "DO", "shape_wkt": "POINT (-71.071545897999954 42.303442358000041)", "POINT_X": -71.07154589799995, "POINT_Y": 42.30344235800004}}, {"type": "Feature", "id": 555, "geometry": {"type": "Point", "coordinates": [-71.06701254999996, 42.30625249700006]}, "properties": {"OBJECTID": 555, "Count_": 211, "Int_Number": 285, "Location": "Bowdoin St. & Hamilton St.", "Dist": "DO", "shape_wkt": "POINT (-71.067012549999959 42.30625249700006)", "POINT_X": -71.06701254999996, "POINT_Y": 42.30625249700006}}, {"type": "Feature", "id": 556, "geometry": {"type": "Point", "coordinates": [-71.06228985299998, 42.31072329800003]}, "properties": {"OBJECTID": 556, "Count_": 212, "Int_Number": 1314, "Location": "Bowdoin St. & Hancock St.", "Dist": "DO", "shape_wkt": "POINT (-71.062289852999982 42.310723298000028)", "POINT_X": -71.06228985299998, "POINT_Y": 42.31072329800003}}, {"type": "Feature", "id": 557, "geometry": {"type": "Point", "coordinates": [-71.06507363199995, 42.30805629400004]}, "properties": {"OBJECTID": 557, "Count_": 213, "Int_Number": 268, "Location": "Bowdoin St. & Quincy St.", "Dist": "DO", "shape_wkt": "POINT (-71.065073631999951 42.308056294000039)", "POINT_X": -71.06507363199995, "POINT_Y": 42.30805629400004}}, {"type": "Feature", "id": 558, "geometry": {"type": "Point", "coordinates": [-71.07520616599999, 42.350679299000035]}, "properties": {"OBJECTID": 558, "Count_": 217, "Int_Number": 78, "Location": "Boylston St. & Clarendon St.", "Dist": "BP", "shape_wkt": "POINT (-71.075206165999987 42.350679299000035)", "POINT_X": -71.07520616599999, "POINT_Y": 42.350679299000035}}, {"type": "Feature", "id": 559, "geometry": {"type": "Point", "coordinates": [-71.07732170099996, 42.350104661000046]}, "properties": {"OBJECTID": 559, "Count_": 218, "Int_Number": 79, "Location": "Boylston St. & Dartmouth St.", "Dist": "BP", "shape_wkt": "POINT (-71.07732170099996 42.350104661000046)", "POINT_X": -71.07732170099996, "POINT_Y": 42.350104661000046}}, {"type": "Feature", "id": 560, "geometry": {"type": "Point", "coordinates": [-71.07949925799994, 42.34951650100004]}, "properties": {"OBJECTID": 560, "Count_": 219, "Int_Number": 80, "Location": "Boylston St. & Exeter St.", "Dist": "BP", "shape_wkt": "POINT (-71.079499257999942 42.349516501000039)", "POINT_X": -71.07949925799994, "POINT_Y": 42.34951650100004}}, {"type": "Feature", "id": 561, "geometry": {"type": "Point", "coordinates": [-71.08375438199994, 42.348370534000026]}, "properties": {"OBJECTID": 561, "Count_": 221, "Int_Number": 1573, "Location": "Boylston St. & Gloucester St.", "Dist": "BP", "shape_wkt": "POINT (-71.083754381999938 42.348370534000026)", "POINT_X": -71.08375438199994, "POINT_Y": 42.348370534000026}}, {"type": "Feature", "id": 562, "geometry": {"type": "Point", "coordinates": [-71.06916400099993, 42.35220807500008]}, "properties": {"OBJECTID": 562, "Count_": 222, "Int_Number": 123, "Location": "Boylston St. & Hadassah Way", "Dist": "BP", "shape_wkt": "POINT (-71.069164000999933 42.352208075000078)", "POINT_X": -71.06916400099993, "POINT_Y": 42.35220807500008}}, {"type": "Feature", "id": 563, "geometry": {"type": "Point", "coordinates": [-71.10001360799998, 42.34397732300005]}, "properties": {"OBJECTID": 563, "Count_": 224, "Int_Number": 1248, "Location": "Boylston St. & Kilmarnock St.", "Dist": "BP", "shape_wkt": "POINT (-71.100013607999983 42.343977323000047)", "POINT_X": -71.10001360799998, "POINT_Y": 42.34397732300005}}, {"type": "Feature", "id": 564, "geometry": {"type": "Point", "coordinates": [-71.10490073199998, 42.31702792800007]}, "properties": {"OBJECTID": 564, "Count_": 225, "Int_Number": 1143, "Location": "Boylston St. & Lamartine St.", "Dist": "WR", "shape_wkt": "POINT (-71.104900731999976 42.317027928000073)", "POINT_X": -71.10490073199998, "POINT_Y": 42.31702792800007}}, {"type": "Feature", "id": 565, "geometry": {"type": "Point", "coordinates": [-71.08774212199995, 42.347290007000026]}, "properties": {"OBJECTID": 565, "Count_": 226, "Int_Number": 92, "Location": "Boylston St. & Massachusetts Ave.", "Dist": "BP", "shape_wkt": "POINT (-71.087742121999952 42.347290007000026)", "POINT_X": -71.08774212199995, "POINT_Y": 42.347290007000026}}, {"type": "Feature", "id": 566, "geometry": {"type": "Point", "coordinates": [-71.06454397699997, 42.35237643200003]}, "properties": {"OBJECTID": 566, "Count_": 229, "Int_Number": 3, "Location": "Boylston St. & Tremont St.", "Dist": "BP", "shape_wkt": "POINT (-71.064543976999971 42.352376432000028)", "POINT_X": -71.06454397699997, "POINT_Y": 42.35237643200003}}, {"type": "Feature", "id": 567, "geometry": {"type": "Point", "coordinates": [-71.09824601699995, 42.31833477400005]}, "properties": {"OBJECTID": 567, "Count_": 239, "Int_Number": 801, "Location": "Bragdon St. & Columbus Ave.", "Dist": "RX", "shape_wkt": "POINT (-71.098246016999951 42.31833477400005)", "POINT_X": -71.09824601699995, "POINT_Y": 42.31833477400005}}, {"type": "Feature", "id": 568, "geometry": {"type": "Point", "coordinates": [-71.09821637899995, 42.31735129900005]}, "properties": {"OBJECTID": 568, "Count_": 240, "Int_Number": 3079, "Location": "Bray St. & Columbus Ave.", "Dist": "RX", "shape_wkt": "POINT (-71.09821637899995 42.317351299000052)", "POINT_X": -71.09821637899995, "POINT_Y": 42.31735129900005}}, {"type": "Feature", "id": 569, "geometry": {"type": "Point", "coordinates": [-71.13208007999998, 42.35295534000005]}, "properties": {"OBJECTID": 569, "Count_": 241, "Int_Number": 185, "Location": "Brighton Ave. & Harvard Ave.", "Dist": "AB", "shape_wkt": "POINT (-71.13208007999998 42.352955340000051)", "POINT_X": -71.13208007999998, "POINT_Y": 42.35295534000005}}, {"type": "Feature", "id": 570, "geometry": {"type": "Point", "coordinates": [-71.06126890699994, 42.35718260900006]}, "properties": {"OBJECTID": 570, "Count_": 249, "Int_Number": 10, "Location": "Bromfield St. & Tremont St.", "Dist": "BP", "shape_wkt": "POINT (-71.061268906999942 42.357182609000063)", "POINT_X": -71.06126890699994, "POINT_Y": 42.35718260900006}}, {"type": "Feature", "id": 571, "geometry": {"type": "Point", "coordinates": [-71.11005969799999, 42.33630161200006]}, "properties": {"OBJECTID": 571, "Count_": 250, "Int_Number": 9013, "Location": "Brookline Ave & Riverway", "Dist": "RX", "shape_wkt": "POINT (-71.110059697999986 42.336301612000057)", "POINT_X": -71.11005969799999, "POINT_Y": 42.33630161200006}}, {"type": "Feature", "id": 572, "geometry": {"type": "Point", "coordinates": [-71.10725844999996, 42.33891338300003]}, "properties": {"OBJECTID": 572, "Count_": 252, "Int_Number": 270, "Location": "Brookline Ave. & Longwood Ave.", "Dist": "RX", "shape_wkt": "POINT (-71.107258449999961 42.338913383000033)", "POINT_X": -71.10725844999996, "POINT_Y": 42.33891338300003}}, {"type": "Feature", "id": 573, "geometry": {"type": "Point", "coordinates": [-71.10574666299993, 42.34035602100005]}, "properties": {"OBJECTID": 573, "Count_": 253, "Int_Number": 458, "Location": "Brookline Ave. & Short St.", "Dist": "RX", "shape_wkt": "POINT (-71.105746662999934 42.340356021000048)", "POINT_X": -71.10574666299993, "POINT_Y": 42.34035602100005}}, {"type": "Feature", "id": 574, "geometry": {"type": "Point", "coordinates": [-71.03196259899994, 42.37577581200003]}, "properties": {"OBJECTID": 574, "Count_": 257, "Int_Number": 1466, "Location": "Brooks St. & Chelsea St.", "Dist": "EB", "shape_wkt": "POINT (-71.031962598999939 42.375775812000029)", "POINT_X": -71.03196259899994, "POINT_Y": 42.37577581200003}}, {"type": "Feature", "id": 575, "geometry": {"type": "Point", "coordinates": [-71.12244026399998, 42.281835288000025]}, "properties": {"OBJECTID": 575, "Count_": 258, "Int_Number": 454, "Location": "Brown Ave. & Cummins Hwy.", "Dist": "WR", "shape_wkt": "POINT (-71.122440263999977 42.281835288000025)", "POINT_X": -71.12244026399998, "POINT_Y": 42.281835288000025}}, {"type": "Feature", "id": 576, "geometry": {"type": "Point", "coordinates": [-71.11439697699996, 42.311584907000054]}, "properties": {"OBJECTID": 576, "Count_": 264, "Int_Number": 1540, "Location": "Burroughs St. & Centre St.", "Dist": "WR", "shape_wkt": "POINT (-71.114396976999956 42.311584907000054)", "POINT_X": -71.11439697699996, "POINT_Y": 42.311584907000054}}, {"type": "Feature", "id": 577, "geometry": {"type": "Point", "coordinates": [-71.11231422299994, 42.32394604600006]}, "properties": {"OBJECTID": 577, "Count_": 266, "Int_Number": 1419, "Location": "Bynner St. & South Huntington Ave.", "Dist": "WR", "shape_wkt": "POINT (-71.112314222999942 42.32394604600006)", "POINT_X": -71.11231422299994, "POINT_Y": 42.32394604600006}}, {"type": "Feature", "id": 578, "geometry": {"type": "Point", "coordinates": [-71.14560735599997, 42.350752354000065]}, "properties": {"OBJECTID": 578, "Count_": 269, "Int_Number": 2062, "Location": "Cambridge St. & Dustin St.", "Dist": "AB", "shape_wkt": "POINT (-71.145607355999971 42.350752354000065)", "POINT_X": -71.14560735599997, "POINT_Y": 42.350752354000065}}, {"type": "Feature", "id": 579, "geometry": {"type": "Point", "coordinates": [-71.14297485399999, 42.351577537000026]}, "properties": {"OBJECTID": 579, "Count_": 270, "Int_Number": 699, "Location": "Cambridge St. & Eleanor St. @ School Driveway", "Dist": "AB", "shape_wkt": "POINT (-71.142974853999988 42.351577537000026)", "POINT_X": -71.14297485399999, "POINT_Y": 42.351577537000026}}, {"type": "Feature", "id": 580, "geometry": {"type": "Point", "coordinates": [-71.14028492599994, 42.35260215200003]}, "properties": {"OBJECTID": 580, "Count_": 271, "Int_Number": 449, "Location": "Cambridge St. & Gordon St.", "Dist": "AB", "shape_wkt": "POINT (-71.140284925999936 42.352602152000031)", "POINT_X": -71.14028492599994, "POINT_Y": 42.35260215200003}}, {"type": "Feature", "id": 581, "geometry": {"type": "Point", "coordinates": [-71.12642847299998, 42.35785727000007]}, "properties": {"OBJECTID": 581, "Count_": 274, "Int_Number": 803, "Location": "Cambridge St. & North Harvard St.", "Dist": "AB", "shape_wkt": "POINT (-71.126428472999976 42.357857270000068)", "POINT_X": -71.12642847299998, "POINT_Y": 42.35785727000007}}, {"type": "Feature", "id": 582, "geometry": {"type": "Point", "coordinates": [-71.12316128399993, 42.35901788000007]}, "properties": {"OBJECTID": 582, "Count_": 276, "Int_Number": 1326, "Location": "Cambridge St. & Windom St.", "Dist": "AB", "shape_wkt": "POINT (-71.123161283999934 42.359017880000067)", "POINT_X": -71.12316128399993, "POINT_Y": 42.35901788000007}}, {"type": "Feature", "id": 583, "geometry": {"type": "Point", "coordinates": [-71.13213325899994, 42.35581965600005]}, "properties": {"OBJECTID": 583, "Count_": 277, "Int_Number": 1154, "Location": "Cambridge St. @ Highgate St.", "Dist": "AB", "shape_wkt": "POINT (-71.132133258999943 42.355819656000051)", "POINT_X": -71.13213325899994, "POINT_Y": 42.35581965600005}}, {"type": "Feature", "id": 584, "geometry": {"type": "Point", "coordinates": [-71.11917568199993, 42.27863957300008]}, "properties": {"OBJECTID": 584, "Count_": 290, "Int_Number": 797, "Location": "Canterbury St. & Hyde Park Ave.", "Dist": "WR", "shape_wkt": "POINT (-71.119175681999934 42.278639573000078)", "POINT_X": -71.11917568199993, "POINT_Y": 42.27863957300008}}, {"type": "Feature", "id": 585, "geometry": {"type": "Point", "coordinates": [-71.12152077399998, 42.27816679400007]}, "properties": {"OBJECTID": 585, "Count_": 291, "Int_Number": 1714, "Location": "Canterbury St. & Pinedale Rd.", "Dist": "WR", "shape_wkt": "POINT (-71.121520773999976 42.278166794000072)", "POINT_X": -71.12152077399998, "POINT_Y": 42.27816679400007}}, {"type": "Feature", "id": 586, "geometry": {"type": "Point", "coordinates": [-71.11545991199995, 42.30769124400007]}, "properties": {"OBJECTID": 586, "Count_": 295, "Int_Number": 1787, "Location": "Carolina Ave. & South St.", "Dist": "WR", "shape_wkt": "POINT (-71.115459911999949 42.307691244000068)", "POINT_X": -71.11545991199995, "POINT_Y": 42.30769124400007}}, {"type": "Feature", "id": 587, "geometry": {"type": "Point", "coordinates": [-71.06231732699996, 42.36483848900008]}, "properties": {"OBJECTID": 587, "Count_": 297, "Int_Number": 303, "Location": "Causeway St. & Portland St.", "Dist": "BP", "shape_wkt": "POINT (-71.06231732699996 42.364838489000078)", "POINT_X": -71.06231732699996, "POINT_Y": 42.36483848900008}}, {"type": "Feature", "id": 588, "geometry": {"type": "Point", "coordinates": [-71.09699617199993, 42.32815248700007]}, "properties": {"OBJECTID": 588, "Count_": 300, "Int_Number": 1077, "Location": "Cedar St. & Columbus Ave.", "Dist": "RX", "shape_wkt": "POINT (-71.096996171999933 42.328152487000068)", "POINT_X": -71.09699617199993, "POINT_Y": 42.32815248700007}}, {"type": "Feature", "id": 589, "geometry": {"type": "Point", "coordinates": [-71.08880495199998, 42.324216739000065]}, "properties": {"OBJECTID": 589, "Count_": 301, "Int_Number": 64, "Location": "Cedar St. & Washington St.", "Dist": "RX", "shape_wkt": "POINT (-71.088804951999975 42.324216739000065)", "POINT_X": -71.08880495199998, "POINT_Y": 42.324216739000065}}, {"type": "Feature", "id": 590, "geometry": {"type": "Point", "coordinates": [-71.12129721299993, 42.25587924000007]}, "properties": {"OBJECTID": 590, "Count_": 303, "Int_Number": 1132, "Location": "Central Ave. & River St.", "Dist": "HP", "shape_wkt": "POINT (-71.121297212999934 42.25587924000007)", "POINT_X": -71.12129721299993, "POINT_Y": 42.25587924000007}}, {"type": "Feature", "id": 591, "geometry": {"type": "Point", "coordinates": [-71.14650667399997, 42.28767727200005]}, "properties": {"OBJECTID": 591, "Count_": 307, "Int_Number": 439, "Location": "Centre St. & Colbert St.", "Dist": "WR", "shape_wkt": "POINT (-71.146506673999966 42.287677272000053)", "POINT_X": -71.14650667399997, "POINT_Y": 42.28767727200005}}, {"type": "Feature", "id": 592, "geometry": {"type": "Point", "coordinates": [-71.15487941499998, 42.28615572800004]}, "properties": {"OBJECTID": 592, "Count_": 308, "Int_Number": 272, "Location": "Centre St. & Corey St.", "Dist": "WR", "shape_wkt": "POINT (-71.154879414999982 42.28615572800004)", "POINT_X": -71.15487941499998, "POINT_Y": 42.28615572800004}}, {"type": "Feature", "id": 593, "geometry": {"type": "Point", "coordinates": [-71.15817518699998, 42.28068763500005]}, "properties": {"OBJECTID": 593, "Count_": 309, "Int_Number": 261, "Location": "Centre St. & LaGrange St.", "Dist": "WR", "shape_wkt": "POINT (-71.158175186999983 42.280687635000049)", "POINT_X": -71.15817518699998, "POINT_Y": 42.28068763500005}}, {"type": "Feature", "id": 594, "geometry": {"type": "Point", "coordinates": [-71.10057415199998, 42.32282361700004]}, "properties": {"OBJECTID": 594, "Count_": 310, "Int_Number": 805, "Location": "Centre St. & Lamartine St.", "Dist": "RX", "shape_wkt": "POINT (-71.100574151999979 42.32282361700004)", "POINT_X": -71.10057415199998, "POINT_Y": 42.32282361700004}}, {"type": "Feature", "id": 595, "geometry": {"type": "Point", "coordinates": [-71.10488688299995, 42.322726025000065]}, "properties": {"OBJECTID": 595, "Count_": 311, "Int_Number": 1090, "Location": "Centre St. & Mozart St.", "Dist": "RX", "shape_wkt": "POINT (-71.104886882999949 42.322726025000065)", "POINT_X": -71.10488688299995, "POINT_Y": 42.322726025000065}}, {"type": "Feature", "id": 596, "geometry": {"type": "Point", "coordinates": [-71.09566779199997, 42.327677950000066]}, "properties": {"OBJECTID": 596, "Count_": 302, "Int_Number": 1017, "Location": "Cedar St., Centre St., & Fort Ave.", "Dist": "RX", "shape_wkt": "POINT (-71.095667791999972 42.327677950000066)", "POINT_X": -71.09566779199997, "POINT_Y": 42.327677950000066}}, {"type": "Feature", "id": 597, "geometry": {"type": "Point", "coordinates": [-71.15729189599995, 42.28288441800004]}, "properties": {"OBJECTID": 597, "Count_": 312, "Int_Number": 1779, "Location": "Centre St. & Mt. Vernon St.", "Dist": "WR", "shape_wkt": "POINT (-71.157291895999947 42.282884418000037)", "POINT_X": -71.15729189599995, "POINT_Y": 42.28288441800004}}, {"type": "Feature", "id": 598, "geometry": {"type": "Point", "coordinates": [-71.15646234699994, 42.28512525900004]}, "properties": {"OBJECTID": 598, "Count_": 313, "Int_Number": 1687, "Location": "Centre St. & Park St.", "Dist": "WR", "shape_wkt": "POINT (-71.156462346999945 42.28512525900004)", "POINT_X": -71.15646234699994, "POINT_Y": 42.28512525900004}}, {"type": "Feature", "id": 599, "geometry": {"type": "Point", "coordinates": [-71.03906885299995, 42.37417225200005]}, "properties": {"OBJECTID": 599, "Count_": 305, "Int_Number": 170, "Location": "Central Sq., Meridian St., & Saratoga St.", "Dist": "EB", "shape_wkt": "POINT (-71.039068852999947 42.374172252000051)", "POINT_X": -71.03906885299995, "POINT_Y": 42.37417225200005}}, {"type": "Feature", "id": 600, "geometry": {"type": "Point", "coordinates": [-71.14471348899997, 42.28821919000006]}, "properties": {"OBJECTID": 600, "Count_": 315, "Int_Number": 513, "Location": "Centre St. & South St.", "Dist": "WR", "shape_wkt": "POINT (-71.144713488999969 42.288219190000063)", "POINT_X": -71.14471348899997, "POINT_Y": 42.28821919000006}}, {"type": "Feature", "id": 601, "geometry": {"type": "Point", "coordinates": [-71.09839661499996, 42.32493412100007]}, "properties": {"OBJECTID": 601, "Count_": 318, "Int_Number": 196, "Location": "Centre St., Columbus Ave., & Heath St.", "Dist": "RX", "shape_wkt": "POINT (-71.098396614999956 42.324934121000069)", "POINT_X": -71.09839661499996, "POINT_Y": 42.32493412100007}}, {"type": "Feature", "id": 602, "geometry": {"type": "Point", "coordinates": [-71.13603329299997, 42.29443831900005]}, "properties": {"OBJECTID": 602, "Count_": 316, "Int_Number": 353, "Location": "Centre St. & Weld St.", "Dist": "WR", "shape_wkt": "POINT (-71.136033292999969 42.294438319000051)", "POINT_X": -71.13603329299997, "POINT_Y": 42.29443831900005}}, {"type": "Feature", "id": 603, "geometry": {"type": "Point", "coordinates": [-71.09839661499996, 42.32493412100007]}, "properties": {"OBJECTID": 603, "Count_": 319, "Int_Number": 287, "Location": "Centre St., Columbus Ave., & Ritchie St.", "Dist": "RX", "shape_wkt": "POINT (-71.098396614999956 42.324934121000069)", "POINT_X": -71.09839661499996, "POINT_Y": 42.32493412100007}}, {"type": "Feature", "id": 604, "geometry": {"type": "Point", "coordinates": [-71.15219386699994, 42.28753066400003]}, "properties": {"OBJECTID": 604, "Count_": 317, "Int_Number": 1493, "Location": "Centre St. & Willow St.", "Dist": "WR", "shape_wkt": "POINT (-71.152193866999937 42.28753066400003)", "POINT_X": -71.15219386699994, "POINT_Y": 42.28753066400003}}, {"type": "Feature", "id": 605, "geometry": {"type": "Point", "coordinates": [-71.06988112599998, 42.357025114000066]}, "properties": {"OBJECTID": 605, "Count_": 330, "Int_Number": 140, "Location": "Charles St. & Chestnut St.", "Dist": "BP", "shape_wkt": "POINT (-71.069881125999984 42.357025114000066)", "POINT_X": -71.06988112599998, "POINT_Y": 42.357025114000066}}, {"type": "Feature", "id": 606, "geometry": {"type": "Point", "coordinates": [-71.10849261199996, 42.322369285000036]}, "properties": {"OBJECTID": 606, "Count_": 320, "Int_Number": 1089, "Location": "Centre St., Creighton St., & Forbes St.", "Dist": "RX", "shape_wkt": "POINT (-71.108492611999964 42.322369285000036)", "POINT_X": -71.10849261199996, "POINT_Y": 42.322369285000036}}, {"type": "Feature", "id": 607, "geometry": {"type": "Point", "coordinates": [-71.07029751999994, 42.35778403900008]}, "properties": {"OBJECTID": 607, "Count_": 331, "Int_Number": 141, "Location": "Charles St. & Mt. Vernon St.", "Dist": "BP", "shape_wkt": "POINT (-71.07029751999994 42.35778403900008)", "POINT_X": -71.07029751999994, "POINT_Y": 42.35778403900008}}, {"type": "Feature", "id": 608, "geometry": {"type": "Point", "coordinates": [-71.11554814199997, 42.30975168100008]}, "properties": {"OBJECTID": 608, "Count_": 321, "Int_Number": 242, "Location": "Centre St., Eliot St., & South St.", "Dist": "WR", "shape_wkt": "POINT (-71.115548141999966 42.30975168100008)", "POINT_X": -71.11554814199997, "POINT_Y": 42.30975168100008}}, {"type": "Feature", "id": 609, "geometry": {"type": "Point", "coordinates": [-71.07072693999999, 42.35880575900006]}, "properties": {"OBJECTID": 609, "Count_": 332, "Int_Number": 142, "Location": "Charles St. & Pinckney St.", "Dist": "BP", "shape_wkt": "POINT (-71.070726939999986 42.358805759000063)", "POINT_X": -71.07072693999999, "POINT_Y": 42.35880575900006}}, {"type": "Feature", "id": 610, "geometry": {"type": "Point", "coordinates": [-71.11409985899996, 42.313231819000066]}, "properties": {"OBJECTID": 610, "Count_": 323, "Int_Number": 293, "Location": "Centre St., Green St., & Myrtle St.", "Dist": "WR", "shape_wkt": "POINT (-71.114099858999964 42.313231819000066)", "POINT_X": -71.11409985899996, "POINT_Y": 42.313231819000066}}, {"type": "Feature", "id": 611, "geometry": {"type": "Point", "coordinates": [-71.07076077799996, 42.35947612900003]}, "properties": {"OBJECTID": 611, "Count_": 333, "Int_Number": 143, "Location": "Charles St. & Revere St.", "Dist": "BP", "shape_wkt": "POINT (-71.070760777999965 42.359476129000029)", "POINT_X": -71.07076077799996, "POINT_Y": 42.35947612900003}}, {"type": "Feature", "id": 612, "geometry": {"type": "Point", "coordinates": [-71.15943436499998, 42.27884389700006]}, "properties": {"OBJECTID": 612, "Count_": 324, "Int_Number": 620, "Location": "Centre St., Lorette St., & St. Theresa Ave.", "Dist": "WR", "shape_wkt": "POINT (-71.159434364999981 42.278843897000058)", "POINT_X": -71.15943436499998, "POINT_Y": 42.27884389700006}}, {"type": "Feature", "id": 613, "geometry": {"type": "Point", "coordinates": [-71.06685663799993, 42.35095494600006]}, "properties": {"OBJECTID": 613, "Count_": 335, "Int_Number": 1732, "Location": "Charles St. South & Stuart St.", "Dist": "BP", "shape_wkt": "POINT (-71.066856637999933 42.350954946000058)", "POINT_X": -71.06685663799993, "POINT_Y": 42.35095494600006}}, {"type": "Feature", "id": 614, "geometry": {"type": "Point", "coordinates": [-71.07207275799993, 42.29023478600004]}, "properties": {"OBJECTID": 614, "Count_": 325, "Int_Number": 225, "Location": "Centre St., Norfolk St., Talbot Ave., & Washington St. (Codman Sq.)", "Dist": "DO", "shape_wkt": "POINT (-71.072072757999933 42.290234786000042)", "POINT_X": -71.07207275799993, "POINT_Y": 42.29023478600004}}, {"type": "Feature", "id": 615, "geometry": {"type": "Point", "coordinates": [-71.05666804599997, 42.36821953100008]}, "properties": {"OBJECTID": 615, "Count_": 341, "Int_Number": 537, "Location": "Charter St. & Commercial St.", "Dist": "BP", "shape_wkt": "POINT (-71.05666804599997 42.368219531000079)", "POINT_X": -71.05666804599997, "POINT_Y": 42.36821953100008}}, {"type": "Feature", "id": 616, "geometry": {"type": "Point", "coordinates": [-71.16006335299994, 42.27826537800007]}, "properties": {"OBJECTID": 616, "Count_": 326, "Int_Number": 275, "Location": "Centre St., Spring St., & Temple St.", "Dist": "WR", "shape_wkt": "POINT (-71.160063352999941 42.278265378000071)", "POINT_X": -71.16006335299994, "POINT_Y": 42.27826537800007}}, {"type": "Feature", "id": 617, "geometry": {"type": "Point", "coordinates": [-71.05926096699994, 42.354572845000064]}, "properties": {"OBJECTID": 617, "Count_": 342, "Int_Number": 59, "Location": "Chauncy St. & Summer St.", "Dist": "BP", "shape_wkt": "POINT (-71.059260966999943 42.354572845000064)", "POINT_X": -71.05926096699994, "POINT_Y": 42.354572845000064}}, {"type": "Feature", "id": 618, "geometry": {"type": "Point", "coordinates": [-71.07321405299996, 42.309643417000075]}, "properties": {"OBJECTID": 618, "Count_": 327, "Int_Number": 995, "Location": "Ceylon St., Columbia Rd., & Columbia Terrace", "Dist": "DO", "shape_wkt": "POINT (-71.073214052999958 42.309643417000075)", "POINT_X": -71.07321405299996, "POINT_Y": 42.309643417000075}}, {"type": "Feature", "id": 619, "geometry": {"type": "Point", "coordinates": [-71.05830478699994, 42.373756480000054]}, "properties": {"OBJECTID": 619, "Count_": 343, "Int_Number": 4037, "Location": "Chelsea St. & Constitution Rd.", "Dist": "CH", "shape_wkt": "POINT (-71.05830478699994 42.373756480000054)", "POINT_X": -71.05830478699994, "POINT_Y": 42.373756480000054}}, {"type": "Feature", "id": 620, "geometry": {"type": "Point", "coordinates": [-71.06750021199997, 42.35250352500003]}, "properties": {"OBJECTID": 620, "Count_": 329, "Int_Number": 9008, "Location": "Charles Circle, Charles St., & Storrow Dr. Ramp", "Dist": "BP", "shape_wkt": "POINT (-71.06750021199997 42.352503525000031)", "POINT_X": -71.06750021199997, "POINT_Y": 42.35250352500003}}, {"type": "Feature", "id": 621, "geometry": {"type": "Point", "coordinates": [-71.05628748499998, 42.37531521100004]}, "properties": {"OBJECTID": 621, "Count_": 344, "Int_Number": 3038, "Location": "Chelsea St. & Fifth St.", "Dist": "CH", "shape_wkt": "POINT (-71.056287484999984 42.375315211000043)", "POINT_X": -71.05628748499998, "POINT_Y": 42.37531521100004}}, {"type": "Feature", "id": 622, "geometry": {"type": "Point", "coordinates": [-71.06662924899996, 42.34878268400007]}, "properties": {"OBJECTID": 622, "Count_": 336, "Int_Number": 1783, "Location": "Charles St. South, Jefferson St., & Tremont St.", "Dist": "BP", "shape_wkt": "POINT (-71.066629248999959 42.348782684000071)", "POINT_X": -71.06662924899996, "POINT_Y": 42.34878268400007}}, {"type": "Feature", "id": 623, "geometry": {"type": "Point", "coordinates": [-71.03341468399998, 42.37451442100007]}, "properties": {"OBJECTID": 623, "Count_": 345, "Int_Number": 445, "Location": "Chelsea St. & Marion St.", "Dist": "EB", "shape_wkt": "POINT (-71.033414683999979 42.374514421000072)", "POINT_X": -71.03341468399998, "POINT_Y": 42.37451442100007}}, {"type": "Feature", "id": 624, "geometry": {"type": "Point", "coordinates": [-71.09158749599999, 42.348836394000045]}, "properties": {"OBJECTID": 624, "Count_": 337, "Int_Number": 3090, "Location": "Charlesgate East & Commonwealth Ave.", "Dist": "BP", "shape_wkt": "POINT (-71.091587495999988 42.348836394000045)", "POINT_X": -71.09158749599999, "POINT_Y": 42.348836394000045}}, {"type": "Feature", "id": 625, "geometry": {"type": "Point", "coordinates": [-71.02919195899995, 42.37815577100008]}, "properties": {"OBJECTID": 625, "Count_": 346, "Int_Number": 2311, "Location": "Chelsea St. & Prescott St.", "Dist": "EB", "shape_wkt": "POINT (-71.029191958999945 42.378155771000081)", "POINT_X": -71.02919195899995, "POINT_Y": 42.37815577100008}}, {"type": "Feature", "id": 626, "geometry": {"type": "Point", "coordinates": [-71.09158749599999, 42.348836394000045]}, "properties": {"OBJECTID": 626, "Count_": 338, "Int_Number": 3091, "Location": "Charlesgate East & Commonwealth Ave.", "Dist": "BP", "shape_wkt": "POINT (-71.091587495999988 42.348836394000045)", "POINT_X": -71.09158749599999, "POINT_Y": 42.348836394000045}}, {"type": "Feature", "id": 627, "geometry": {"type": "Point", "coordinates": [-71.05204587799994, 42.37954095200007]}, "properties": {"OBJECTID": 627, "Count_": 347, "Int_Number": 4053, "Location": "Chelsea St. & Sixteenth St.", "Dist": "CH", "shape_wkt": "POINT (-71.052045877999944 42.37954095200007)", "POINT_X": -71.05204587799994, "POINT_Y": 42.37954095200007}}, {"type": "Feature", "id": 628, "geometry": {"type": "Point", "coordinates": [-71.09158749599999, 42.348836394000045]}, "properties": {"OBJECTID": 628, "Count_": 339, "Int_Number": 3088, "Location": "Charlesgate West & Commonwealth Ave.", "Dist": "BP", "shape_wkt": "POINT (-71.091587495999988 42.348836394000045)", "POINT_X": -71.09158749599999, "POINT_Y": 42.348836394000045}}, {"type": "Feature", "id": 629, "geometry": {"type": "Point", "coordinates": [-71.05261001899999, 42.37879024000006]}, "properties": {"OBJECTID": 629, "Count_": 348, "Int_Number": 3039, "Location": "Chelsea St. & Thirteenth St.", "Dist": "CH", "shape_wkt": "POINT (-71.052610018999985 42.378790240000058)", "POINT_X": -71.05261001899999, "POINT_Y": 42.37879024000006}}, {"type": "Feature", "id": 630, "geometry": {"type": "Point", "coordinates": [-71.09158749599999, 42.348836394000045]}, "properties": {"OBJECTID": 630, "Count_": 340, "Int_Number": 3089, "Location": "Charlesgate West & Commonwealth Ave.", "Dist": "BP", "shape_wkt": "POINT (-71.091587495999988 42.348836394000045)", "POINT_X": -71.09158749599999, "POINT_Y": 42.348836394000045}}, {"type": "Feature", "id": 631, "geometry": {"type": "Point", "coordinates": [-71.06050995799995, 42.37223525600007]}, "properties": {"OBJECTID": 631, "Count_": 349, "Int_Number": 2339, "Location": "Chelsea St. & Warren St.", "Dist": "CH", "shape_wkt": "POINT (-71.060509957999955 42.372235256000067)", "POINT_X": -71.06050995799995, "POINT_Y": 42.37223525600007}}, {"type": "Feature", "id": 632, "geometry": {"type": "Point", "coordinates": [-71.03503753899997, 42.37312631000003]}, "properties": {"OBJECTID": 632, "Count_": 352, "Int_Number": 396, "Location": "Chelsea St., George R. Visconti Rd., & Porter St.", "Dist": "EB", "shape_wkt": "POINT (-71.035037538999973 42.373126310000032)", "POINT_X": -71.03503753899997, "POINT_Y": 42.37312631000003}}, {"type": "Feature", "id": 633, "geometry": {"type": "Point", "coordinates": [-71.07000225699994, 42.330528549000064]}, "properties": {"OBJECTID": 633, "Count_": 354, "Int_Number": 1157, "Location": "Chesterton St. & Massachusetts Ave.", "Dist": "RX", "shape_wkt": "POINT (-71.070002256999942 42.330528549000064)", "POINT_X": -71.07000225699994, "POINT_Y": 42.330528549000064}}, {"type": "Feature", "id": 634, "geometry": {"type": "Point", "coordinates": [-71.15384848999997, 42.342625600000076]}, "properties": {"OBJECTID": 634, "Count_": 357, "Int_Number": 2070, "Location": "Chestnut Hill Ave., Hatherly Rd., & Engine #29", "Dist": "AB", "shape_wkt": "POINT (-71.153848489999973 42.342625600000076)", "POINT_X": -71.15384848999997, "POINT_Y": 42.342625600000076}}, {"type": "Feature", "id": 635, "geometry": {"type": "Point", "coordinates": [-71.15316122899998, 42.33797641500007]}, "properties": {"OBJECTID": 635, "Count_": 355, "Int_Number": 182, "Location": "Chestnut Hill Ave. & Commonwealth Ave.", "Dist": "AB", "shape_wkt": "POINT (-71.153161228999977 42.337976415000071)", "POINT_X": -71.15316122899998, "POINT_Y": 42.33797641500007}}, {"type": "Feature", "id": 636, "geometry": {"type": "Point", "coordinates": [-71.15343539699995, 42.349077753000074]}, "properties": {"OBJECTID": 636, "Count_": 358, "Int_Number": 184, "Location": "Chestnut Hill Ave., Market St., & Washington St.", "Dist": "AB", "shape_wkt": "POINT (-71.153435396999953 42.349077753000074)", "POINT_X": -71.15343539699995, "POINT_Y": 42.349077753000074}}, {"type": "Feature", "id": 637, "geometry": {"type": "Point", "coordinates": [-71.15453258699995, 42.341563638000025]}, "properties": {"OBJECTID": 637, "Count_": 356, "Int_Number": 713, "Location": "Chestnut Hill Ave. & Embassy Rd.", "Dist": "AB", "shape_wkt": "POINT (-71.154532586999949 42.341563638000025)", "POINT_X": -71.15453258699995, "POINT_Y": 42.341563638000025}}, {"type": "Feature", "id": 638, "geometry": {"type": "Point", "coordinates": [-71.15528690899998, 42.34037977000003]}, "properties": {"OBJECTID": 638, "Count_": 359, "Int_Number": 631, "Location": "Chestnut Hill Ave., South St., & Strathmore Rd.", "Dist": "AB", "shape_wkt": "POINT (-71.155286908999983 42.340379770000027)", "POINT_X": -71.15528690899998, "POINT_Y": 42.34037977000003}}, {"type": "Feature", "id": 639, "geometry": {"type": "Point", "coordinates": [-71.11521201599999, 42.30665999900003]}, "properties": {"OBJECTID": 639, "Count_": 360, "Int_Number": 809, "Location": "Child St. & South St.", "Dist": "WR", "shape_wkt": "POINT (-71.115212015999987 42.306659999000033)", "POINT_X": -71.11521201599999, "POINT_Y": 42.30665999900003}}, {"type": "Feature", "id": 640, "geometry": {"type": "Point", "coordinates": [-71.07599766699997, 42.35229368900008]}, "properties": {"OBJECTID": 640, "Count_": 365, "Int_Number": 3044, "Location": "Clarendon St. & Commonwealth Ave.", "Dist": "BP", "shape_wkt": "POINT (-71.075997666999967 42.352293689000078)", "POINT_X": -71.07599766699997, "POINT_Y": 42.35229368900008}}, {"type": "Feature", "id": 641, "geometry": {"type": "Point", "coordinates": [-71.15113934199996, 42.34029797000005]}, "properties": {"OBJECTID": 641, "Count_": 361, "Int_Number": 453, "Location": "Chiswick Rd. & Commonwealth Ave.", "Dist": "AB", "shape_wkt": "POINT (-71.151139341999965 42.340297970000051)", "POINT_X": -71.15113934199996, "POINT_Y": 42.34029797000005}}, {"type": "Feature", "id": 642, "geometry": {"type": "Point", "coordinates": [-71.07599766699997, 42.35229368900008]}, "properties": {"OBJECTID": 642, "Count_": 366, "Int_Number": 3045, "Location": "Clarendon St. & Commonwealth Ave.", "Dist": "BP", "shape_wkt": "POINT (-71.075997666999967 42.352293689000078)", "POINT_X": -71.07599766699997, "POINT_Y": 42.35229368900008}}, {"type": "Feature", "id": 643, "geometry": {"type": "Point", "coordinates": [-71.06865966099997, 42.35050524800005]}, "properties": {"OBJECTID": 643, "Count_": 362, "Int_Number": 347, "Location": "Church St. & Stuart St", "Dist": "BP", "shape_wkt": "POINT (-71.06865966099997 42.350505248000047)", "POINT_X": -71.06865966099997, "POINT_Y": 42.35050524800005}}, {"type": "Feature", "id": 644, "geometry": {"type": "Point", "coordinates": [-71.08179892599998, 42.320756397000025]}, "properties": {"OBJECTID": 644, "Count_": 372, "Int_Number": 1204, "Location": "Clifford St., Dale St., & Warren St.", "Dist": "RX", "shape_wkt": "POINT (-71.081798925999976 42.320756397000025)", "POINT_X": -71.08179892599998, "POINT_Y": 42.320756397000025}}, {"type": "Feature", "id": 645, "geometry": {"type": "Point", "coordinates": [-71.14937313399997, 42.293091626000034]}, "properties": {"OBJECTID": 645, "Count_": 363, "Int_Number": 687, "Location": "Church St. & Weld St.", "Dist": "WR", "shape_wkt": "POINT (-71.149373133999973 42.293091626000034)", "POINT_X": -71.14937313399997, "POINT_Y": 42.293091626000034}}, {"type": "Feature", "id": 646, "geometry": {"type": "Point", "coordinates": [-71.12054860999996, 42.27031743100008]}, "properties": {"OBJECTID": 646, "Count_": 376, "Int_Number": 568, "Location": "Collins St., Hyde Park Ave., & Metropolitan Ave.", "Dist": "HP", "shape_wkt": "POINT (-71.120548609999958 42.27031743100008)", "POINT_X": -71.12054860999996, "POINT_Y": 42.27031743100008}}, {"type": "Feature", "id": 647, "geometry": {"type": "Point", "coordinates": [-71.07350287299994, 42.347272375000045]}, "properties": {"OBJECTID": 647, "Count_": 364, "Int_Number": 1639, "Location": "Clarendon St. & Columbus Ave.", "Dist": "BP", "shape_wkt": "POINT (-71.073502872999939 42.347272375000045)", "POINT_X": -71.07350287299994, "POINT_Y": 42.347272375000045}}, {"type": "Feature", "id": 648, "geometry": {"type": "Point", "coordinates": [-71.06521442899998, 42.31706165000003]}, "properties": {"OBJECTID": 648, "Count_": 387, "Int_Number": 223, "Location": "Columbia Rd., Dudley St., & Stoughton St. (Uphams Corner)", "Dist": "DO", "shape_wkt": "POINT (-71.06521442899998 42.317061650000028)", "POINT_X": -71.06521442899998, "POINT_Y": 42.31706165000003}}, {"type": "Feature", "id": 649, "geometry": {"type": "Point", "coordinates": [-71.07656547399995, 42.35344487100008]}, "properties": {"OBJECTID": 649, "Count_": 367, "Int_Number": 679, "Location": "Clarendon St. & Marlborough St.", "Dist": "BP", "shape_wkt": "POINT (-71.076565473999949 42.353444871000079)", "POINT_X": -71.07656547399995, "POINT_Y": 42.35344487100008}}, {"type": "Feature", "id": 650, "geometry": {"type": "Point", "coordinates": [-71.09449547899999, 42.33142908000008]}, "properties": {"OBJECTID": 650, "Count_": 398, "Int_Number": 192, "Location": "Columbus Ave., Malcolm X Blvd., & Tremont St.", "Dist": "RX", "shape_wkt": "POINT (-71.094495478999988 42.331429080000078)", "POINT_X": -71.09449547899999, "POINT_Y": 42.33142908000008}}, {"type": "Feature", "id": 651, "geometry": {"type": "Point", "coordinates": [-71.07560101599995, 42.351482033000025]}, "properties": {"OBJECTID": 651, "Count_": 368, "Int_Number": 742, "Location": "Clarendon St. & Newbury St.", "Dist": "BP", "shape_wkt": "POINT (-71.075601015999951 42.351482033000025)", "POINT_X": -71.07560101599995, "POINT_Y": 42.351482033000025}}, {"type": "Feature", "id": 652, "geometry": {"type": "Point", "coordinates": [-71.09506268099994, 42.313377966000076]}, "properties": {"OBJECTID": 652, "Count_": 399, "Int_Number": 616, "Location": "Columbus Ave., Seaver St., & Walnut Ave.", "Dist": "RX", "shape_wkt": "POINT (-71.095062680999945 42.313377966000076)", "POINT_X": -71.09506268099994, "POINT_Y": 42.313377966000076}}, {"type": "Feature", "id": 653, "geometry": {"type": "Point", "coordinates": [-71.07480271499998, 42.34985046400004]}, "properties": {"OBJECTID": 653, "Count_": 369, "Int_Number": 707, "Location": "Clarendon St. & St. James Ave.", "Dist": "BP", "shape_wkt": "POINT (-71.074802714999976 42.349850464000042)", "POINT_X": -71.07480271499998, "POINT_Y": 42.34985046400004}}, {"type": "Feature", "id": 654, "geometry": {"type": "Point", "coordinates": [-71.07813921899998, 42.35170952500005]}, "properties": {"OBJECTID": 654, "Count_": 417, "Int_Number": 3046, "Location": "Commonwealth Ave. & Dartmouth St.", "Dist": "BP", "shape_wkt": "POINT (-71.078139218999979 42.351709525000047)", "POINT_X": -71.07813921899998, "POINT_Y": 42.35170952500005}}, {"type": "Feature", "id": 655, "geometry": {"type": "Point", "coordinates": [-71.07435810099997, 42.34895164300008]}, "properties": {"OBJECTID": 655, "Count_": 370, "Int_Number": 466, "Location": "Clarendon St. & Stuart St.", "Dist": "BP", "shape_wkt": "POINT (-71.074358100999973 42.348951643000078)", "POINT_X": -71.07435810099997, "POINT_Y": 42.34895164300008}}, {"type": "Feature", "id": 656, "geometry": {"type": "Point", "coordinates": [-71.08027906499996, 42.351129436000065]}, "properties": {"OBJECTID": 656, "Count_": 418, "Int_Number": 4010, "Location": "Commonwealth Ave. & Exeter St.", "Dist": "BP", "shape_wkt": "POINT (-71.080279064999957 42.351129436000065)", "POINT_X": -71.08027906499996, "POINT_Y": 42.351129436000065}}, {"type": "Feature", "id": 657, "geometry": {"type": "Point", "coordinates": [-71.07182424699994, 42.343868943000075]}, "properties": {"OBJECTID": 657, "Count_": 371, "Int_Number": 1250, "Location": "Clarendon St. & Tremont St.", "Dist": "BP", "shape_wkt": "POINT (-71.071824246999938 42.343868943000075)", "POINT_X": -71.07182424699994, "POINT_Y": 42.343868943000075}}, {"type": "Feature", "id": 658, "geometry": {"type": "Point", "coordinates": [-71.08259442499997, 42.350506722000034]}, "properties": {"OBJECTID": 658, "Count_": 419, "Int_Number": 4008, "Location": "Commonwealth Ave. & Fairfield St.", "Dist": "BP", "shape_wkt": "POINT (-71.082594424999968 42.350506722000034)", "POINT_X": -71.08259442499997, "POINT_Y": 42.350506722000034}}, {"type": "Feature", "id": 659, "geometry": {"type": "Point", "coordinates": [-71.05585200599995, 42.36080199700007]}, "properties": {"OBJECTID": 659, "Count_": 373, "Int_Number": 4108, "Location": "Clinton St. & North St.", "Dist": "BP", "shape_wkt": "POINT (-71.055852005999952 42.360801997000067)", "POINT_X": -71.05585200599995, "POINT_Y": 42.36080199700007}}, {"type": "Feature", "id": 660, "geometry": {"type": "Point", "coordinates": [-71.08453773499997, 42.34998689400004]}, "properties": {"OBJECTID": 660, "Count_": 420, "Int_Number": 4006, "Location": "Commonwealth Ave. & Gloucester St.", "Dist": "BP", "shape_wkt": "POINT (-71.084537734999969 42.34998689400004)", "POINT_X": -71.08453773499997, "POINT_Y": 42.34998689400004}}, {"type": "Feature", "id": 661, "geometry": {"type": "Point", "coordinates": [-71.08605166799998, 42.34957044500004]}, "properties": {"OBJECTID": 661, "Count_": 422, "Int_Number": 4004, "Location": "Commonwealth Ave. & Hereford St.", "Dist": "BP", "shape_wkt": "POINT (-71.086051667999982 42.34957044500004)", "POINT_X": -71.08605166799998, "POINT_Y": 42.34957044500004}}, {"type": "Feature", "id": 662, "geometry": {"type": "Point", "coordinates": [-71.14593566699995, 42.34192851700004]}, "properties": {"OBJECTID": 662, "Count_": 375, "Int_Number": 1206, "Location": "Colborne Rd. & Commonwealth Ave.", "Dist": "AB", "shape_wkt": "POINT (-71.145935666999947 42.341928517000042)", "POINT_X": -71.14593566699995, "POINT_Y": 42.34192851700004}}, {"type": "Feature", "id": 663, "geometry": {"type": "Point", "coordinates": [-71.07813921899998, 42.35170952500005]}, "properties": {"OBJECTID": 663, "Count_": 423, "Int_Number": 3047, "Location": "Commonwealth Ave. & Dartmouth St.", "Dist": "BP", "shape_wkt": "POINT (-71.078139218999979 42.351709525000047)", "POINT_X": -71.07813921899998, "POINT_Y": 42.35170952500005}}, {"type": "Feature", "id": 664, "geometry": {"type": "Point", "coordinates": [-71.07593893899997, 42.30748153400003]}, "properties": {"OBJECTID": 664, "Count_": 377, "Int_Number": 1164, "Location": "Columbia Rd. & Devon St.", "Dist": "DO", "shape_wkt": "POINT (-71.075938938999968 42.307481534000033)", "POINT_X": -71.07593893899997, "POINT_Y": 42.30748153400003}}, {"type": "Feature", "id": 665, "geometry": {"type": "Point", "coordinates": [-71.05678329799997, 42.32064756200003]}, "properties": {"OBJECTID": 665, "Count_": 378, "Int_Number": 221, "Location": "Columbia Rd. & Dorchester Ave.", "Dist": "DO", "shape_wkt": "POINT (-71.056783297999971 42.320647562000033)", "POINT_X": -71.05678329799997, "POINT_Y": 42.32064756200003}}, {"type": "Feature", "id": 666, "geometry": {"type": "Point", "coordinates": [-71.08027906499996, 42.351129436000065]}, "properties": {"OBJECTID": 666, "Count_": 424, "Int_Number": 4011, "Location": "Commonwealth Ave. & Exeter St.", "Dist": "BP", "shape_wkt": "POINT (-71.080279064999957 42.351129436000065)", "POINT_X": -71.08027906499996, "POINT_Y": 42.351129436000065}}, {"type": "Feature", "id": 667, "geometry": {"type": "Point", "coordinates": [-71.07821523899997, 42.30603964900007]}, "properties": {"OBJECTID": 667, "Count_": 380, "Int_Number": 541, "Location": "Columbia Rd. & Geneva Ave", "Dist": "DO", "shape_wkt": "POINT (-71.078215238999974 42.30603964900007)", "POINT_X": -71.07821523899997, "POINT_Y": 42.30603964900007}}, {"type": "Feature", "id": 668, "geometry": {"type": "Point", "coordinates": [-71.08259442499997, 42.350506722000034]}, "properties": {"OBJECTID": 668, "Count_": 425, "Int_Number": 4009, "Location": "Commonwealth Ave. & Fairfield St.", "Dist": "BP", "shape_wkt": "POINT (-71.082594424999968 42.350506722000034)", "POINT_X": -71.08259442499997, "POINT_Y": 42.350506722000034}}, {"type": "Feature", "id": 669, "geometry": {"type": "Point", "coordinates": [-71.06631783099994, 42.315789805000065]}, "properties": {"OBJECTID": 669, "Count_": 381, "Int_Number": 226, "Location": "Columbia Rd. & Hancock St.", "Dist": "DO", "shape_wkt": "POINT (-71.066317830999935 42.315789805000065)", "POINT_X": -71.06631783099994, "POINT_Y": 42.315789805000065}}, {"type": "Feature", "id": 670, "geometry": {"type": "Point", "coordinates": [-71.08453773499997, 42.34998689400004]}, "properties": {"OBJECTID": 670, "Count_": 426, "Int_Number": 4007, "Location": "Commonwealth Ave. & Gloucester St.", "Dist": "BP", "shape_wkt": "POINT (-71.084537734999969 42.34998689400004)", "POINT_X": -71.08453773499997, "POINT_Y": 42.34998689400004}}, {"type": "Feature", "id": 671, "geometry": {"type": "Point", "coordinates": [-71.05971832199998, 42.31997166300005]}, "properties": {"OBJECTID": 671, "Count_": 382, "Int_Number": 448, "Location": "Columbia Rd. & Pond St.", "Dist": "DO", "shape_wkt": "POINT (-71.059718321999981 42.319971663000047)", "POINT_X": -71.05971832199998, "POINT_Y": 42.31997166300005}}, {"type": "Feature", "id": 672, "geometry": {"type": "Point", "coordinates": [-71.16145607099998, 42.34017102700005]}, "properties": {"OBJECTID": 672, "Count_": 427, "Int_Number": 1789, "Location": "Commonwealth Ave. & Greycliff St.", "Dist": "AB", "shape_wkt": "POINT (-71.161456070999975 42.340171027000054)", "POINT_X": -71.16145607099998, "POINT_Y": 42.34017102700005}}, {"type": "Feature", "id": 673, "geometry": {"type": "Point", "coordinates": [-71.07004038099996, 42.31127325500006]}, "properties": {"OBJECTID": 673, "Count_": 383, "Int_Number": 371, "Location": "Columbia Rd. & Quincy St.", "Dist": "DO", "shape_wkt": "POINT (-71.070040380999956 42.31127325500006)", "POINT_X": -71.07004038099996, "POINT_Y": 42.31127325500006}}, {"type": "Feature", "id": 674, "geometry": {"type": "Point", "coordinates": [-71.08605166799998, 42.34957044500004]}, "properties": {"OBJECTID": 674, "Count_": 428, "Int_Number": 4005, "Location": "Commonwealth Ave. & Hereford St.", "Dist": "BP", "shape_wkt": "POINT (-71.086051667999982 42.34957044500004)", "POINT_X": -71.08605166799998, "POINT_Y": 42.34957044500004}}, {"type": "Feature", "id": 675, "geometry": {"type": "Point", "coordinates": [-71.08233059099996, 42.30413653800008]}, "properties": {"OBJECTID": 675, "Count_": 384, "Int_Number": 229, "Location": "Columbia Rd. & Seaver St.", "Dist": "DO", "shape_wkt": "POINT (-71.082330590999959 42.30413653800008)", "POINT_X": -71.08233059099996, "POINT_Y": 42.30413653800008}}, {"type": "Feature", "id": 676, "geometry": {"type": "Point", "coordinates": [-71.11852591299998, 42.35154737400006]}, "properties": {"OBJECTID": 676, "Count_": 429, "Int_Number": 1422, "Location": "Commonwealth Ave., Harry Agganis Way, & Pleasant St.", "Dist": "BP", "shape_wkt": "POINT (-71.118525912999985 42.351547374000063)", "POINT_X": -71.11852591299998, "POINT_Y": 42.35154737400006}}, {"type": "Feature", "id": 677, "geometry": {"type": "Point", "coordinates": [-71.08046012299997, 42.305344683000044]}, "properties": {"OBJECTID": 677, "Count_": 385, "Int_Number": 144, "Location": "Columbia Rd. & Washington St.", "Dist": "DO", "shape_wkt": "POINT (-71.080460122999966 42.305344683000044)", "POINT_X": -71.08046012299997, "POINT_Y": 42.305344683000044}}, {"type": "Feature", "id": 678, "geometry": {"type": "Point", "coordinates": [-71.13993157599998, 42.348475101000076]}, "properties": {"OBJECTID": 678, "Count_": 430, "Int_Number": 323, "Location": "Commonwealth Ave., Kelton St., & Warren St.", "Dist": "AB", "shape_wkt": "POINT (-71.139931575999981 42.348475101000076)", "POINT_X": -71.13993157599998, "POINT_Y": 42.348475101000076}}, {"type": "Feature", "id": 679, "geometry": {"type": "Point", "coordinates": [-71.15033348699995, 42.34083679500003]}, "properties": {"OBJECTID": 679, "Count_": 431, "Int_Number": 1191, "Location": "Commonwealth Ave., Kinross St., & Wallingford Rd.", "Dist": "AB", "shape_wkt": "POINT (-71.150333486999955 42.34083679500003)", "POINT_X": -71.15033348699995, "POINT_Y": 42.34083679500003}}, {"type": "Feature", "id": 680, "geometry": {"type": "Point", "coordinates": [-71.16614563399997, 42.340099673000054]}, "properties": {"OBJECTID": 680, "Count_": 432, "Int_Number": 879, "Location": "Commonwealth Ave., Lake St., & St. Thomas Moore Rd.", "Dist": "AB", "shape_wkt": "POINT (-71.166145633999975 42.340099673000054)", "POINT_X": -71.16614563399997, "POINT_Y": 42.340099673000054}}, {"type": "Feature", "id": 681, "geometry": {"type": "Point", "coordinates": [-71.07806534599996, 42.34052637900004]}, "properties": {"OBJECTID": 681, "Count_": 433, "Int_Number": 1620, "Location": "Concord Sq., Tremont St., & West Concord St.", "Dist": "BP", "shape_wkt": "POINT (-71.07806534599996 42.340526379000039)", "POINT_X": -71.07806534599996, "POINT_Y": 42.34052637900004}}, {"type": "Feature", "id": 682, "geometry": {"type": "Point", "coordinates": [-71.04588018399994, 42.348760209000034]}, "properties": {"OBJECTID": 682, "Count_": 443, "Int_Number": 4056, "Location": "Congress St., East Service Rd., & Ramp CI", "Dist": "SB", "shape_wkt": "POINT (-71.045880183999941 42.348760209000034)", "POINT_X": -71.04588018399994, "POINT_Y": 42.348760209000034}}, {"type": "Feature", "id": 683, "geometry": {"type": "Point", "coordinates": [-71.05837511099998, 42.36252388500003]}, "properties": {"OBJECTID": 683, "Count_": 444, "Int_Number": 1685, "Location": "Congress St., New Sudbury St., & Sudbury St.", "Dist": "BP", "shape_wkt": "POINT (-71.058375110999975 42.36252388500003)", "POINT_X": -71.05837511099998, "POINT_Y": 42.36252388500003}}, {"type": "Feature", "id": 684, "geometry": {"type": "Point", "coordinates": [-71.05713501799994, 42.36023142600004]}, "properties": {"OBJECTID": 684, "Count_": 445, "Int_Number": 26, "Location": "Congress St., North St., & Union St", "Dist": "BP", "shape_wkt": "POINT (-71.05713501799994 42.360231426000041)", "POINT_X": -71.05713501799994, "POINT_Y": 42.36023142600004}}, {"type": "Feature", "id": 685, "geometry": {"type": "Point", "coordinates": [-71.13649530899994, 42.28800002100007]}, "properties": {"OBJECTID": 685, "Count_": 447, "Int_Number": 1205, "Location": "Congreve St., South St., & Washington St.", "Dist": "WR", "shape_wkt": "POINT (-71.13649530899994 42.288000021000073)", "POINT_X": -71.13649530899994, "POINT_Y": 42.28800002100007}}, {"type": "Feature", "id": 686, "geometry": {"type": "Point", "coordinates": [-71.05806421599993, 42.36352908400005]}, "properties": {"OBJECTID": 686, "Count_": 448, "Int_Number": 4095, "Location": "Cooper St., Cross St., North Washington St., & Ramp ST-SA  (Monitor #34)", "Dist": "BP", "shape_wkt": "POINT (-71.058064215999934 42.363529084000049)", "POINT_X": -71.05806421599993, "POINT_Y": 42.36352908400005}}, {"type": "Feature", "id": 687, "geometry": {"type": "Point", "coordinates": [-71.08190208799994, 42.32172269900008]}, "properties": {"OBJECTID": 687, "Count_": 449, "Int_Number": 712, "Location": "Copeland St., Warren St., & Waverly St.", "Dist": "RX", "shape_wkt": "POINT (-71.081902087999936 42.321722699000077)", "POINT_X": -71.08190208799994, "POINT_Y": 42.32172269900008}}, {"type": "Feature", "id": 688, "geometry": {"type": "Point", "coordinates": [-71.12894512099996, 42.28570169000005]}, "properties": {"OBJECTID": 688, "Count_": 453, "Int_Number": 251, "Location": "Corinth St., Poplar St., & Washington St.", "Dist": "WR", "shape_wkt": "POINT (-71.128945120999958 42.285701690000053)", "POINT_X": -71.12894512099996, "POINT_Y": 42.28570169000005}}, {"type": "Feature", "id": 689, "geometry": {"type": "Point", "coordinates": [-71.05779709299998, 42.35883360500003]}, "properties": {"OBJECTID": 689, "Count_": 455, "Int_Number": 25, "Location": "Court St., State St., & Washington St.", "Dist": "BP", "shape_wkt": "POINT (-71.057797092999976 42.358833605000029)", "POINT_X": -71.05779709299998, "POINT_Y": 42.35883360500003}}, {"type": "Feature", "id": 690, "geometry": {"type": "Point", "coordinates": [-71.05673615099994, 42.31866750000006]}, "properties": {"OBJECTID": 690, "Count_": 457, "Int_Number": 523, "Location": "Crescent Ave., Dorchester Ave., & East Cottage St.", "Dist": "DO", "shape_wkt": "POINT (-71.056736150999939 42.31866750000006)", "POINT_X": -71.05673615099994, "POINT_Y": 42.31866750000006}}, {"type": "Feature", "id": 691, "geometry": {"type": "Point", "coordinates": [-71.05483373099997, 42.36223046400005]}, "properties": {"OBJECTID": 691, "Count_": 459, "Int_Number": 301, "Location": "Cross St., North St., & Ramp CN-SA  (Monitor #1961)", "Dist": "BP", "shape_wkt": "POINT (-71.054833730999974 42.362230464000049)", "POINT_X": -71.05483373099997, "POINT_Y": 42.36223046400005}}, {"type": "Feature", "id": 692, "geometry": {"type": "Point", "coordinates": [-71.05626701499995, 42.36297608900003]}, "properties": {"OBJECTID": 692, "Count_": 460, "Int_Number": 292, "Location": "Cross St., Salem St., & Sudbury St.  (Monitor #4094)", "Dist": "BP", "shape_wkt": "POINT (-71.056267014999946 42.362976089000028)", "POINT_X": -71.05626701499995, "POINT_Y": 42.36297608900003}}, {"type": "Feature", "id": 693, "geometry": {"type": "Point", "coordinates": [-71.08299921699995, 42.34430285900004]}, "properties": {"OBJECTID": 693, "Count_": 461, "Int_Number": 4000, "Location": "Cumberland St. & Huntington Ave.", "Dist": "BP", "shape_wkt": "POINT (-71.082999216999951 42.344302859000038)", "POINT_X": -71.08299921699995, "POINT_Y": 42.34430285900004}}, {"type": "Feature", "id": 694, "geometry": {"type": "Point", "coordinates": [-71.08299921699995, 42.34430285900004]}, "properties": {"OBJECTID": 694, "Count_": 462, "Int_Number": 4001, "Location": "Cumberland St. & Huntington Ave.", "Dist": "BP", "shape_wkt": "POINT (-71.082999216999951 42.344302859000038)", "POINT_X": -71.08299921699995, "POINT_Y": 42.34430285900004}}, {"type": "Feature", "id": 695, "geometry": {"type": "Point", "coordinates": [-71.10919611099996, 42.27434410700005]}, "properties": {"OBJECTID": 695, "Count_": 470, "Int_Number": 906, "Location": "Cummins Hwy., Harvard St., & Wood Ave.", "Dist": "DO", "shape_wkt": "POINT (-71.10919611099996 42.274344107000047)", "POINT_X": -71.10919611099996, "POINT_Y": 42.27434410700005}}, {"type": "Feature", "id": 696, "geometry": {"type": "Point", "coordinates": [-71.10462773599994, 42.27134354000003]}, "properties": {"OBJECTID": 696, "Count_": 471, "Int_Number": 346, "Location": "Cummins Hwy., Itasca St., & Ridlon Rd.", "Dist": "DO", "shape_wkt": "POINT (-71.104627735999941 42.271343540000032)", "POINT_X": -71.10462773599994, "POINT_Y": 42.27134354000003}}, {"type": "Feature", "id": 697, "geometry": {"type": "Point", "coordinates": [-71.09617725699997, 42.26902004000004]}, "properties": {"OBJECTID": 697, "Count_": 472, "Int_Number": 952, "Location": "Cummins Hwy., Rexford St., & Rockdale St.", "Dist": "DO", "shape_wkt": "POINT (-71.096177256999965 42.269020040000044)", "POINT_X": -71.09617725699997, "POINT_Y": 42.26902004000004}}, {"type": "Feature", "id": 698, "geometry": {"type": "Point", "coordinates": [-71.04392466099995, 42.35100067900004]}, "properties": {"OBJECTID": 698, "Count_": 485, "Int_Number": 606, "Location": "D St., Northern Ave., & Seaport Blvd.", "Dist": "SB", "shape_wkt": "POINT (-71.043924660999949 42.351000679000038)", "POINT_X": -71.04392466099995, "POINT_Y": 42.35100067900004}}, {"type": "Feature", "id": 699, "geometry": {"type": "Point", "coordinates": [-71.07689962399996, 42.34929154300005]}, "properties": {"OBJECTID": 699, "Count_": 493, "Int_Number": 81, "Location": "Dartmouth St., Huntington Ave., & St. James Ave.", "Dist": "BP", "shape_wkt": "POINT (-71.076899623999964 42.349291543000049)", "POINT_X": -71.07689962399996, "POINT_Y": 42.34929154300005}}, {"type": "Feature", "id": 700, "geometry": {"type": "Point", "coordinates": [-71.07374729899993, 42.342838820000054]}, "properties": {"OBJECTID": 700, "Count_": 494, "Int_Number": 145, "Location": "Dartmouth St., Tremont St., & West Dedham St.", "Dist": "BP", "shape_wkt": "POINT (-71.073747298999933 42.342838820000054)", "POINT_X": -71.07374729899993, "POINT_Y": 42.342838820000054}}, {"type": "Feature", "id": 701, "geometry": {"type": "Point", "coordinates": [-71.08396284499997, 42.33734276300004]}, "properties": {"OBJECTID": 701, "Count_": 495, "Int_Number": 1155, "Location": "Davenport St., Hammond St., & Tremont St.", "Dist": "RX", "shape_wkt": "POINT (-71.083962844999974 42.337342763000038)", "POINT_X": -71.08396284499997, "POINT_Y": 42.33734276300004}}, {"type": "Feature", "id": 702, "geometry": {"type": "Point", "coordinates": [-71.07927659799998, 42.32856673200007]}, "properties": {"OBJECTID": 702, "Count_": 497, "Int_Number": 4060, "Location": "Dearborn St., Dudley St., & Mt. Pleasant St.", "Dist": "RX", "shape_wkt": "POINT (-71.079276597999979 42.32856673200007)", "POINT_X": -71.07927659799998, "POINT_Y": 42.32856673200007}}, {"type": "Feature", "id": 703, "geometry": {"type": "Point", "coordinates": [-71.05843426399997, 42.30757270600003]}, "properties": {"OBJECTID": 703, "Count_": 517, "Int_Number": 222, "Location": "Dorchester Ave., East St., Freeport St., Hancock St., & Hoyt St.", "Dist": "DO", "shape_wkt": "POINT (-71.05843426399997 42.30757270600003)", "POINT_X": -71.05843426399997, "POINT_Y": 42.30757270600003}}, {"type": "Feature", "id": 704, "geometry": {"type": "Point", "coordinates": [-71.05691162099998, 42.32803452100006]}, "properties": {"OBJECTID": 704, "Count_": 518, "Int_Number": 1050, "Location": "Dorchester Ave., Father Anthony Songin Way, & Major O'Connor Way", "Dist": "SB", "shape_wkt": "POINT (-71.056911620999983 42.328034521000063)", "POINT_X": -71.05691162099998, "POINT_Y": 42.32803452100006}}, {"type": "Feature", "id": 705, "geometry": {"type": "Point", "coordinates": [-71.06029821599998, 42.299784482000064]}, "properties": {"OBJECTID": 705, "Count_": 519, "Int_Number": 2301, "Location": "Dorchester Ave., Faulkner St., & Lincoln St.", "Dist": "DO", "shape_wkt": "POINT (-71.060298215999978 42.299784482000064)", "POINT_X": -71.06029821599998, "POINT_Y": 42.299784482000064}}, {"type": "Feature", "id": 706, "geometry": {"type": "Point", "coordinates": [-71.06313448999998, 42.28995211400007]}, "properties": {"OBJECTID": 706, "Count_": 520, "Int_Number": 1168, "Location": "Dorchester Ave., Lonsdale St., & Welles Ave.", "Dist": "DO", "shape_wkt": "POINT (-71.063134489999982 42.289952114000073)", "POINT_X": -71.06313448999998, "POINT_Y": 42.28995211400007}}, {"type": "Feature", "id": 707, "geometry": {"type": "Point", "coordinates": [-71.06136536999998, 42.29611626500008]}, "properties": {"OBJECTID": 707, "Count_": 521, "Int_Number": 673, "Location": "Dorchester Ave., Melville Ave., & Parkman St.", "Dist": "DO", "shape_wkt": "POINT (-71.061365369999976 42.29611626500008)", "POINT_X": -71.06136536999998, "POINT_Y": 42.29611626500008}}, {"type": "Feature", "id": 708, "geometry": {"type": "Point", "coordinates": [-71.04546731199997, 42.33546342200003]}, "properties": {"OBJECTID": 708, "Count_": 526, "Int_Number": 175, "Location": "Dorchester St., East Broadway, & West Broadway (Perkins Sq.)", "Dist": "SB", "shape_wkt": "POINT (-71.045467311999971 42.335463422000032)", "POINT_X": -71.04546731199997, "POINT_Y": 42.33546342200003}}, {"type": "Feature", "id": 709, "geometry": {"type": "Point", "coordinates": [-71.07220729299996, 42.32137350900007]}, "properties": {"OBJECTID": 709, "Count_": 532, "Int_Number": 754, "Location": "Dudley St., East Cottage St., & West Cottage St.", "Dist": "DO", "shape_wkt": "POINT (-71.072207292999963 42.321373509000068)", "POINT_X": -71.07220729299996, "POINT_Y": 42.32137350900007}}, {"type": "Feature", "id": 710, "geometry": {"type": "Point", "coordinates": [-71.07116946699995, 42.28629221800003]}, "properties": {"OBJECTID": 710, "Count_": 534, "Int_Number": 4029, "Location": "Dunbar Ave., Roslin St., & Washington St.", "Dist": "DO", "shape_wkt": "POINT (-71.071169466999947 42.286292218000028)", "POINT_X": -71.07116946699995, "POINT_Y": 42.28629221800003}}, {"type": "Feature", "id": 711, "geometry": {"type": "Point", "coordinates": [-71.06718390299994, 42.37764914100006]}, "properties": {"OBJECTID": 711, "Count_": 535, "Int_Number": 3134, "Location": "Dunstable St., Main St., & Sullivan St.", "Dist": "CH", "shape_wkt": "POINT (-71.067183902999943 42.377649141000063)", "POINT_X": -71.06718390299994, "POINT_Y": 42.37764914100006}}, {"type": "Feature", "id": 712, "geometry": {"type": "Point", "coordinates": [-71.03993176499995, 42.33556980600008]}, "properties": {"OBJECTID": 712, "Count_": 542, "Int_Number": 1008, "Location": "East Broadway, Emerson St., & I St.", "Dist": "SB", "shape_wkt": "POINT (-71.039931764999949 42.33556980600008)", "POINT_X": -71.03993176499995, "POINT_Y": 42.33556980600008}}, {"type": "Feature", "id": 713, "geometry": {"type": "Point", "coordinates": [-71.07248551999999, 42.33961599200006]}, "properties": {"OBJECTID": 713, "Count_": 544, "Int_Number": 650, "Location": "East Brookline St., Washington St., & West Brookline St.", "Dist": "BP", "shape_wkt": "POINT (-71.072485519999987 42.339615992000063)", "POINT_X": -71.07248551999999, "POINT_Y": 42.33961599200006}}, {"type": "Feature", "id": 714, "geometry": {"type": "Point", "coordinates": [-71.03547346099998, 42.337330630000054]}, "properties": {"OBJECTID": 714, "Count_": 549, "Int_Number": 991, "Location": "East First St., L St., & Summer St.", "Dist": "SB", "shape_wkt": "POINT (-71.035473460999981 42.337330630000054)", "POINT_X": -71.03547346099998, "POINT_Y": 42.337330630000054}}, {"type": "Feature", "id": 715, "geometry": {"type": "Point", "coordinates": [-71.07360227699996, 42.338868941000044]}, "properties": {"OBJECTID": 715, "Count_": 551, "Int_Number": 383, "Location": "East Newton St., Washington St., & West Newton St.", "Dist": "BP", "shape_wkt": "POINT (-71.073602276999964 42.338868941000044)", "POINT_X": -71.07360227699996, "POINT_Y": 42.338868941000044}}, {"type": "Feature", "id": 716, "geometry": {"type": "Point", "coordinates": [-71.04392466099995, 42.35100067900004]}, "properties": {"OBJECTID": 716, "Count_": 552, "Int_Number": 3107, "Location": "East Service Rd., Northern Ave., &  Seaport Blvd.", "Dist": "SB", "shape_wkt": "POINT (-71.043924660999949 42.351000679000038)", "POINT_X": -71.04392466099995, "POINT_Y": 42.35100067900004}}, {"type": "Feature", "id": 717, "geometry": {"type": "Point", "coordinates": [-71.10858556499994, 42.31115030700005]}, "properties": {"OBJECTID": 717, "Count_": 555, "Int_Number": 435, "Location": "Elm St., Green St., & Lamartine St.", "Dist": "WR", "shape_wkt": "POINT (-71.108585564999942 42.311150307000048)", "POINT_X": -71.10858556499994, "POINT_Y": 42.31115030700005}}, {"type": "Feature", "id": 718, "geometry": {"type": "Point", "coordinates": [-71.14369587299996, 42.272896582000044]}, "properties": {"OBJECTID": 718, "Count_": 557, "Int_Number": 255, "Location": "Enneking Pkwy., LaGrange St., & Washington St.", "Dist": "WR", "shape_wkt": "POINT (-71.143695872999956 42.272896582000044)", "POINT_X": -71.14369587299996, "POINT_Y": 42.272896582000044}}, {"type": "Feature", "id": 719, "geometry": {"type": "Point", "coordinates": [-71.14369587299996, 42.272896582000044]}, "properties": {"OBJECTID": 719, "Count_": 558, "Int_Number": 254, "Location": "Enneking Pkwy., Washington St., & West Roxbury Pkwy.", "Dist": "WR", "shape_wkt": "POINT (-71.143695872999956 42.272896582000044)", "POINT_X": -71.14369587299996, "POINT_Y": 42.272896582000044}}, {"type": "Feature", "id": 720, "geometry": {"type": "Point", "coordinates": [-71.05801273699996, 42.35232954600008]}, "properties": {"OBJECTID": 720, "Count_": 564, "Int_Number": 1291, "Location": "Essex St., Lincoln St., & Surface Rd.", "Dist": "BP", "shape_wkt": "POINT (-71.058012736999956 42.352329546000078)", "POINT_X": -71.05801273699996, "POINT_Y": 42.35232954600008}}, {"type": "Feature", "id": 721, "geometry": {"type": "Point", "coordinates": [-71.14617185599997, 42.35542054700005]}, "properties": {"OBJECTID": 721, "Count_": 565, "Int_Number": 1259, "Location": "Etna St., Life St., & North Beacon St.", "Dist": "AB", "shape_wkt": "POINT (-71.146171855999967 42.355420547000051)", "POINT_X": -71.14617185599997, "POINT_Y": 42.35542054700005}}, {"type": "Feature", "id": 722, "geometry": {"type": "Point", "coordinates": [-71.08170338099995, 42.331962297000075]}, "properties": {"OBJECTID": 722, "Count_": 567, "Int_Number": 1007, "Location": "Eustis St., Washington St., & Williams St.", "Dist": "RX", "shape_wkt": "POINT (-71.081703380999954 42.331962297000075)", "POINT_X": -71.08170338099995, "POINT_Y": 42.331962297000075}}, {"type": "Feature", "id": 723, "geometry": {"type": "Point", "coordinates": [-71.09786246899995, 42.33869436100008]}, "properties": {"OBJECTID": 723, "Count_": 569, "Int_Number": 9003, "Location": "Evans Way, Fenway, & Louis Prang St.", "Dist": "BP", "shape_wkt": "POINT (-71.097862468999949 42.33869436100008)", "POINT_X": -71.09786246899995, "POINT_Y": 42.33869436100008}}, {"type": "Feature", "id": 724, "geometry": {"type": "Point", "coordinates": [-71.07871817199998, 42.34781749200005]}, "properties": {"OBJECTID": 724, "Count_": 575, "Int_Number": 82, "Location": "Exeter St., Huntington Ave., & Stuart St.", "Dist": "BP", "shape_wkt": "POINT (-71.078718171999981 42.347817492000047)", "POINT_X": -71.07871817199998, "POINT_Y": 42.34781749200005}}, {"type": "Feature", "id": 725, "geometry": {"type": "Point", "coordinates": [-71.09104349499995, 42.27781946600004]}, "properties": {"OBJECTID": 725, "Count_": 584, "Int_Number": 985, "Location": "Fessenden St., Mildred Ave., & Norfolk St.", "Dist": "DO", "shape_wkt": "POINT (-71.091043494999951 42.277819466000039)", "POINT_X": -71.09104349499995, "POINT_Y": 42.27781946600004}}, {"type": "Feature", "id": 726, "geometry": {"type": "Point", "coordinates": [-71.12580018099999, 42.28862581000004]}, "properties": {"OBJECTID": 726, "Count_": 585, "Int_Number": 978, "Location": "Firth Rd., South St., & Washington St.", "Dist": "WR", "shape_wkt": "POINT (-71.125800180999988 42.288625810000042)", "POINT_X": -71.12580018099999, "POINT_Y": 42.28862581000004}}, {"type": "Feature", "id": 727, "geometry": {"type": "Point", "coordinates": [-71.10156341299995, 42.31249137700007]}, "properties": {"OBJECTID": 727, "Count_": 588, "Int_Number": 711, "Location": "Forest Hills St., Montebello Rd., & Washington St.", "Dist": "WR", "shape_wkt": "POINT (-71.101563412999951 42.312491377000072)", "POINT_X": -71.10156341299995, "POINT_Y": 42.31249137700007}}, {"type": "Feature", "id": 728, "geometry": {"type": "Point", "coordinates": [-71.09231745399995, 42.339101474000074]}, "properties": {"OBJECTID": 728, "Count_": 590, "Int_Number": 569, "Location": "Forsyth Way, Huntington Ave., & Parker St.", "Dist": "RX", "shape_wkt": "POINT (-71.092317453999954 42.339101474000074)", "POINT_X": -71.09231745399995, "POINT_Y": 42.339101474000074}}, {"type": "Feature", "id": 729, "geometry": {"type": "Point", "coordinates": [-71.13040122899997, 42.36196907500005]}, "properties": {"OBJECTID": 729, "Count_": 594, "Int_Number": 1183, "Location": "Franklin St., Kingsley St., & North Harvard St.", "Dist": "AB", "shape_wkt": "POINT (-71.130401228999972 42.361969075000047)", "POINT_X": -71.13040122899997, "POINT_Y": 42.36196907500005}}, {"type": "Feature", "id": 730, "geometry": {"type": "Point", "coordinates": [-71.10457049399997, 42.309444136000025]}, "properties": {"OBJECTID": 730, "Count_": 608, "Int_Number": 241, "Location": "Glen Rd., Green St., & Washington St.", "Dist": "WR", "shape_wkt": "POINT (-71.104570493999972 42.309444136000025)", "POINT_X": -71.10457049399997, "POINT_Y": 42.309444136000025}}, {"type": "Feature", "id": 731, "geometry": {"type": "Point", "coordinates": [-71.08047113099997, 42.29639545500004]}, "properties": {"OBJECTID": 731, "Count_": 609, "Int_Number": 1081, "Location": "Glenway St., Harvard St., & Warner St.", "Dist": "DO", "shape_wkt": "POINT (-71.080471130999967 42.296395455000038)", "POINT_X": -71.08047113099997, "POINT_Y": 42.29639545500004}}, {"type": "Feature", "id": 732, "geometry": {"type": "Point", "coordinates": [-71.12107044999993, 42.26592373700004]}, "properties": {"OBJECTID": 732, "Count_": 615, "Int_Number": 1469, "Location": "Greenwood Ave., Hyde Park Ave., & Thatcher St.", "Dist": "HP", "shape_wkt": "POINT (-71.121070449999934 42.265923737000037)", "POINT_X": -71.12107044999993, "POINT_Y": 42.26592373700004}}, {"type": "Feature", "id": 733, "geometry": {"type": "Point", "coordinates": [-71.09610865299999, 42.33164747400008]}, "properties": {"OBJECTID": 733, "Count_": 618, "Int_Number": 1972, "Location": "Gurney St., Terrace St., & Tremont St.", "Dist": "RX", "shape_wkt": "POINT (-71.096108652999987 42.331647474000079)", "POINT_X": -71.09610865299999, "POINT_Y": 42.33164747400008}}, {"type": "Feature", "id": 734, "geometry": {"type": "Point", "coordinates": [-71.07501360899994, 42.32908937600007]}, "properties": {"OBJECTID": 734, "Count_": 620, "Int_Number": 709, "Location": "Hampden St., Keegan St., & Norfolk Ave.", "Dist": "RX", "shape_wkt": "POINT (-71.075013608999939 42.32908937600007)", "POINT_X": -71.07501360899994, "POINT_Y": 42.32908937600007}}, {"type": "Feature", "id": 735, "geometry": {"type": "Point", "coordinates": [-71.05464466499996, 42.36364074900007]}, "properties": {"OBJECTID": 735, "Count_": 622, "Int_Number": 35, "Location": "Hanover St., Parmenter St., & Richmond St.", "Dist": "BP", "shape_wkt": "POINT (-71.054644664999955 42.363640749000069)", "POINT_X": -71.05464466499996, "POINT_Y": 42.36364074900007}}, {"type": "Feature", "id": 736, "geometry": {"type": "Point", "coordinates": [-71.07975265299996, 42.34701299000005]}, "properties": {"OBJECTID": 736, "Count_": 623, "Int_Number": 4002, "Location": "Harcourt St., Huntington Ave., & Ring Rd.", "Dist": "BP", "shape_wkt": "POINT (-71.079752652999957 42.347012990000053)", "POINT_X": -71.07975265299996, "POINT_Y": 42.34701299000005}}, {"type": "Feature", "id": 737, "geometry": {"type": "Point", "coordinates": [-71.06295704599995, 42.34706195500007]}, "properties": {"OBJECTID": 737, "Count_": 633, "Int_Number": 395, "Location": "Harrison Ave., Hudson St., & Marginal Rd.", "Dist": "BP", "shape_wkt": "POINT (-71.062957045999951 42.347061955000072)", "POINT_X": -71.06295704599995, "POINT_Y": 42.34706195500007}}, {"type": "Feature", "id": 738, "geometry": {"type": "Point", "coordinates": [-71.06860412899994, 42.340183926000066]}, "properties": {"OBJECTID": 738, "Count_": 634, "Int_Number": 390, "Location": "Harrison Ave., Malden St., & Msgr. Reynolds Way", "Dist": "BP", "shape_wkt": "POINT (-71.068604128999937 42.340183926000066)", "POINT_X": -71.06860412899994, "POINT_Y": 42.340183926000066}}, {"type": "Feature", "id": 739, "geometry": {"type": "Point", "coordinates": [-71.07596108899997, 42.300862797000036]}, "properties": {"OBJECTID": 739, "Count_": 635, "Int_Number": 608, "Location": "Harvard Ave., Vassar St., & Washington St.", "Dist": "DO", "shape_wkt": "POINT (-71.075961088999975 42.300862797000036)", "POINT_X": -71.07596108899997, "POINT_Y": 42.300862797000036}}, {"type": "Feature", "id": 740, "geometry": {"type": "Point", "coordinates": [-71.09188222999995, 42.30967674300007]}, "properties": {"OBJECTID": 740, "Count_": 651, "Int_Number": 432, "Location": "Humboldt Ave., Old Trail Rd., & Seaver St.", "Dist": "RX", "shape_wkt": "POINT (-71.091882229999953 42.309676743000068)", "POINT_X": -71.09188222999995, "POINT_Y": 42.30967674300007}}, {"type": "Feature", "id": 741, "geometry": {"type": "Point", "coordinates": [-71.08895069199997, 42.34044713800006]}, "properties": {"OBJECTID": 741, "Count_": 657, "Int_Number": 4019, "Location": "Huntington Ave. & Opera Place", "Dist": "RX", "shape_wkt": "POINT (-71.088950691999969 42.340447138000059)", "POINT_X": -71.08895069199997, "POINT_Y": 42.34044713800006}}, {"type": "Feature", "id": 742, "geometry": {"type": "Point", "coordinates": [-71.08895069199997, 42.34044713800006]}, "properties": {"OBJECTID": 742, "Count_": 658, "Int_Number": 4020, "Location": "Huntington Ave. & Opera Place", "Dist": "RX", "shape_wkt": "POINT (-71.088950691999969 42.340447138000059)", "POINT_X": -71.08895069199997, "POINT_Y": 42.34044713800006}}, {"type": "Feature", "id": 743, "geometry": {"type": "Point", "coordinates": [-71.09556205199993, 42.337687360000075]}, "properties": {"OBJECTID": 743, "Count_": 661, "Int_Number": 3096, "Location": "Huntington Ave., Louis Prang St., & Ruggles St.", "Dist": "RX", "shape_wkt": "POINT (-71.095562051999934 42.337687360000075)", "POINT_X": -71.09556205199993, "POINT_Y": 42.337687360000075}}, {"type": "Feature", "id": 744, "geometry": {"type": "Point", "coordinates": [-71.10931568499996, 42.33327095000004]}, "properties": {"OBJECTID": 744, "Count_": 662, "Int_Number": 613, "Location": "Huntington Ave., Mission Park Dr., & Parker Hill Ave.", "Dist": "RX", "shape_wkt": "POINT (-71.109315684999956 42.333270950000042)", "POINT_X": -71.10931568499996, "POINT_Y": 42.33327095000004}}, {"type": "Feature", "id": 745, "geometry": {"type": "Point", "coordinates": [-71.06642747899997, 42.27239702400004]}, "properties": {"OBJECTID": 745, "Count_": 15, "Int_Number": 475, "Location": "Adams St @ #1185", "Dist": "DO", "shape_wkt": "POINT (-71.066427478999969 42.272397024000043)", "POINT_X": -71.06642747899997, "POINT_Y": 42.27239702400004}}, {"type": "Feature", "id": 746, "geometry": {"type": "Point", "coordinates": [-71.06029058499996, 42.34892872800003]}, "properties": {"OBJECTID": 746, "Count_": 29, "Int_Number": 4110, "Location": "Albany St & South Station Connector", "Dist": "BP", "shape_wkt": "POINT (-71.060290584999962 42.348928728000033)", "POINT_X": -71.06029058499996, "POINT_Y": 42.34892872800003}}, {"type": "Feature", "id": 747, "geometry": {"type": "Point", "coordinates": [-71.06316591299998, 42.340126687000065]}, "properties": {"OBJECTID": 747, "Count_": 32, "Int_Number": 3113, "Location": "Albany St Connector & Frontage Rd NB", "Dist": "BP", "shape_wkt": "POINT (-71.063165912999978 42.340126687000065)", "POINT_X": -71.06316591299998, "POINT_Y": 42.340126687000065}}, {"type": "Feature", "id": 748, "geometry": {"type": "Point", "coordinates": [-71.06886328899998, 42.39254763000008]}, "properties": {"OBJECTID": 748, "Count_": 36, "Int_Number": 953, "Location": "Alford St @ Edison Gate", "Dist": "CH", "shape_wkt": "POINT (-71.068863288999978 42.392547630000081)", "POINT_X": -71.06886328899998, "POINT_Y": 42.39254763000008}}, {"type": "Feature", "id": 749, "geometry": {"type": "Point", "coordinates": [-71.11375479899993, 42.35095820300006]}, "properties": {"OBJECTID": 749, "Count_": 57, "Int_Number": 3094, "Location": "Amory St & Commonwealth Ave (N. Rdwy)", "Dist": "BP", "shape_wkt": "POINT (-71.113754798999935 42.350958203000062)", "POINT_X": -71.11375479899993, "POINT_Y": 42.35095820300006}}, {"type": "Feature", "id": 750, "geometry": {"type": "Point", "coordinates": [-71.11379771499998, 42.35078376600006]}, "properties": {"OBJECTID": 750, "Count_": 58, "Int_Number": 3095, "Location": "Amory St & Commonwealth Ave (S. Rdwy)", "Dist": "BP", "shape_wkt": "POINT (-71.113797714999976 42.350783766000063)", "POINT_X": -71.11379771499998, "POINT_Y": 42.35078376600006}}, {"type": "Feature", "id": 751, "geometry": {"type": "Point", "coordinates": [-71.09279425499994, 42.29519904000006]}, "properties": {"OBJECTID": 751, "Count_": 50, "Int_Number": 3020, "Location": "American Legion Hwy & Lena Park (@#150)", "Dist": "WR", "shape_wkt": "POINT (-71.092794254999944 42.295199040000057)", "POINT_X": -71.09279425499994, "POINT_Y": 42.29519904000006}}, {"type": "Feature", "id": 752, "geometry": {"type": "Point", "coordinates": [-71.11217053299998, 42.30169034200003]}, "properties": {"OBJECTID": 752, "Count_": 64, "Int_Number": 2164, "Location": "Arborway Ramps, Hyde Park Ave, New Washington St, & Washington St", "Dist": "WR", "shape_wkt": "POINT (-71.112170532999983 42.301690342000029)", "POINT_X": -71.11217053299998, "POINT_Y": 42.30169034200003}}, {"type": "Feature", "id": 753, "geometry": {"type": "Point", "coordinates": [-71.05289228699996, 42.35400408800007]}, "properties": {"OBJECTID": 753, "Count_": 88, "Int_Number": 4102, "Location": "Atlantic Ave & Pearl St", "Dist": "BP", "shape_wkt": "POINT (-71.052892286999963 42.354004088000067)", "POINT_X": -71.05289228699996, "POINT_Y": 42.35400408800007}}, {"type": "Feature", "id": 754, "geometry": {"type": "Point", "coordinates": [-71.05199106499998, 42.35519336200008]}, "properties": {"OBJECTID": 754, "Count_": 784, "Int_Number": 558, "Location": "Purchase St, Ramp CS-P, & Seaport Blvd", "Dist": "BP", "shape_wkt": "POINT (-71.051991064999982 42.35519336200008)", "POINT_X": -71.05199106499998, "POINT_Y": 42.35519336200008}}, {"type": "Feature", "id": 755, "geometry": {"type": "Point", "coordinates": [-71.05269916799995, 42.35484451100007]}, "properties": {"OBJECTID": 755, "Count_": 783, "Int_Number": 1217, "Location": "Purchase St @ Firehouse", "Dist": "BP", "shape_wkt": "POINT (-71.052699167999947 42.354844511000067)", "POINT_X": -71.05269916799995, "POINT_Y": 42.35484451100007}}, {"type": "Feature", "id": 756, "geometry": {"type": "Point", "coordinates": [-71.05748422899995, 42.362756621000074]}, "properties": {"OBJECTID": 756, "Count_": 821, "Int_Number": 4094, "Location": "Sudbury St & Surface Rd SB", "Dist": "BP", "shape_wkt": "POINT (-71.057484228999954 42.362756621000074)", "POINT_X": -71.05748422899995, "POINT_Y": 42.362756621000074}}, {"type": "Feature", "id": 757, "geometry": {"type": "Point", "coordinates": [-71.06510170299998, 42.36727511500004]}, "properties": {"OBJECTID": 757, "Count_": 743, "Int_Number": 460, "Location": "Nashua St @ #100", "Dist": "BP", "shape_wkt": "POINT (-71.065101702999982 42.367275115000041)", "POINT_X": -71.06510170299998, "POINT_Y": 42.36727511500004}}, {"type": "Feature", "id": 758, "geometry": {"type": "Point", "coordinates": [-71.07085498499998, 42.361366419000035]}, "properties": {"OBJECTID": 758, "Count_": 279, "Int_Number": 9010, "Location": "Cambridge St, Charles Circle, & Charles St", "Dist": "BP", "shape_wkt": "POINT (-71.070854984999983 42.361366419000035)", "POINT_X": -71.07085498499998, "POINT_Y": 42.361366419000035}}, {"type": "Feature", "id": 759, "geometry": {"type": "Point", "coordinates": [-71.07091935799997, 42.36087490300008]}, "properties": {"OBJECTID": 759, "Count_": 0, "Int_Number": 9008, "Location": "Charles Circle, Charles St, & Storrow Dr Ramp", "Dist": "BP", "shape_wkt": "POINT (-71.070919357999969 42.360874903000081)", "POINT_X": -71.07091935799997, "POINT_Y": 42.36087490300008}}, {"type": "Feature", "id": 760, "geometry": {"type": "Point", "coordinates": [-71.06748613099995, 42.36699479300006]}, "properties": {"OBJECTID": 760, "Count_": 687, "Int_Number": 4036, "Location": "Lowell St, Nashua St, & Ramp CN/N-LC", "Dist": "BP", "shape_wkt": "POINT (-71.067486130999953 42.36699479300006)", "POINT_X": -71.06748613099995, "POINT_Y": 42.36699479300006}}, {"type": "Feature", "id": 761, "geometry": {"type": "Point", "coordinates": [-71.06810840299994, 42.36650332100004]}, "properties": {"OBJECTID": 761, "Count_": 682, "Int_Number": 9050, "Location": "Msgr O'Brien Hwy, Nashua St, & Storrow Dr (Leverett Circle)", "Dist": "BP", "shape_wkt": "POINT (-71.06810840299994 42.366503321000039)", "POINT_X": -71.06810840299994, "POINT_Y": 42.36650332100004}}, {"type": "Feature", "id": 762, "geometry": {"type": "Point", "coordinates": [-71.04283126599995, 42.35045703600008]}, "properties": {"OBJECTID": 762, "Count_": 102, "Int_Number": 2351, "Location": "B St & Seaport Blvd", "Dist": "SB", "shape_wkt": "POINT (-71.042831265999951 42.35045703600008)", "POINT_X": -71.04283126599995, "POINT_Y": 42.35045703600008}}, {"type": "Feature", "id": 763, "geometry": {"type": "Point", "coordinates": [-71.04368957199995, 42.34925181300008]}, "properties": {"OBJECTID": 763, "Count_": 103, "Int_Number": 4058, "Location": "B St, Congress St, & Ramps D & F", "Dist": "SB", "shape_wkt": "POINT (-71.043689571999948 42.34925181300008)", "POINT_X": -71.04368957199995, "POINT_Y": 42.34925181300008}}, {"type": "Feature", "id": 764, "geometry": {"type": "Point", "coordinates": [-71.05225118399994, 42.35232825600008]}, "properties": {"OBJECTID": 764, "Count_": 436, "Int_Number": 361, "Location": "Congress St & Dorchester Ave", "Dist": "BP", "shape_wkt": "POINT (-71.052251183999942 42.352328256000078)", "POINT_X": -71.05225118399994, "POINT_Y": 42.35232825600008}}, {"type": "Feature", "id": 765, "geometry": {"type": "Point", "coordinates": [-71.04027780299998, 42.34793555700003]}, "properties": {"OBJECTID": 765, "Count_": 435, "Int_Number": 4059, "Location": "Congress St & D St", "Dist": "SB", "shape_wkt": "POINT (-71.040277802999981 42.347935557000028)", "POINT_X": -71.04027780299998, "POINT_Y": 42.34793555700003}}, {"type": "Feature", "id": 766, "geometry": {"type": "Point", "coordinates": [-71.06488975199994, 42.33545354200004]}, "properties": {"OBJECTID": 766, "Count_": 595, "Int_Number": 9995, "Location": "Frontage Rd NB & Massachusetts Ave Connector", "Dist": "SB", "shape_wkt": "POINT (-71.064889751999942 42.335453542000039)", "POINT_X": -71.06488975199994, "POINT_Y": 42.33545354200004}}, {"type": "Feature", "id": 767, "geometry": {"type": "Point", "coordinates": [-71.06377395299995, 42.333899064000036]}, "properties": {"OBJECTID": 767, "Count_": 596, "Int_Number": 9990, "Location": "Frontage Rd NB & South Boston Bypass Rd", "Dist": "SB", "shape_wkt": "POINT (-71.063773952999952 42.333899064000036)", "POINT_X": -71.06377395299995, "POINT_Y": 42.333899064000036}}, {"type": "Feature", "id": 768, "geometry": {"type": "Point", "coordinates": [-71.06443914099998, 42.33369285500004]}, "properties": {"OBJECTID": 768, "Count_": 599, "Int_Number": 9991, "Location": "Frontage Rd SB & South Boston Bypass Rd", "Dist": "SB", "shape_wkt": "POINT (-71.06443914099998 42.333692855000038)", "POINT_X": -71.06443914099998, "POINT_Y": 42.33369285500004}}, {"type": "Feature", "id": 769, "geometry": {"type": "Point", "coordinates": [-71.06119903299998, 42.34384388600006]}, "properties": {"OBJECTID": 769, "Count_": 597, "Int_Number": 4114, "Location": "Frontage Rd NB & Traveler St", "Dist": "SB", "shape_wkt": "POINT (-71.06119903299998 42.343843886000059)", "POINT_X": -71.06119903299998, "POINT_Y": 42.34384388600006}}, {"type": "Feature", "id": 770, "geometry": {"type": "Point", "coordinates": [-71.06102737099997, 42.32963198400006]}, "properties": {"OBJECTID": 770, "Count_": 600, "Int_Number": 9994, "Location": "Frontage Rd SB & South Bay Mall Dr", "Dist": "SB", "shape_wkt": "POINT (-71.061027370999966 42.329631984000059)", "POINT_X": -71.06102737099997, "POINT_Y": 42.32963198400006}}, {"type": "Feature", "id": 771, "geometry": {"type": "Point", "coordinates": [-71.05978282599995, 42.35010815800007]}, "properties": {"OBJECTID": 771, "Count_": 676, "Int_Number": 1273, "Location": "Kneeland St & Surface Rd SB", "Dist": "BP", "shape_wkt": "POINT (-71.059782825999946 42.350108158000069)", "POINT_X": -71.05978282599995, "POINT_Y": 42.35010815800007}}, {"type": "Feature", "id": 772, "geometry": {"type": "Point", "coordinates": [-71.05943950399995, 42.34869676900007]}, "properties": {"OBJECTID": 772, "Count_": 684, "Int_Number": 4109, "Location": "Lincoln St, South Station Connector, & Ramp K", "Dist": "BP", "shape_wkt": "POINT (-71.059439503999954 42.348696769000071)", "POINT_X": -71.05943950399995, "POINT_Y": 42.34869676900007}}, {"type": "Feature", "id": 773, "geometry": {"type": "Point", "coordinates": [-71.08735593499995, 42.335405956000045]}, "properties": {"OBJECTID": 773, "Count_": 722, "Int_Number": 3011, "Location": "Melnea Cass Blvd & Tremont St (NB Turn)", "Dist": "RX", "shape_wkt": "POINT (-71.087355934999948 42.335405956000045)", "POINT_X": -71.08735593499995, "POINT_Y": 42.335405956000045}}, {"type": "Feature", "id": 774, "geometry": {"type": "Point", "coordinates": [-71.08319314699997, 42.34152832600006]}, "properties": {"OBJECTID": 774, "Count_": 712, "Int_Number": 2363, "Location": "Massachusetts Ave @ MBTA Station Pedestrian Crossing", "Dist": "BP", "shape_wkt": "POINT (-71.083193146999974 42.341528326000059)", "POINT_X": -71.08319314699997, "POINT_Y": 42.34152832600006}}, {"type": "Feature", "id": 775, "geometry": {"type": "Point", "coordinates": [-71.09093936599999, 42.34382802600004]}, "properties": {"OBJECTID": 775, "Count_": 582, "Int_Number": 9019, "Location": "Fenway @ Fire Alarm HQ", "Dist": "BP", "shape_wkt": "POINT (-71.090939365999986 42.34382802600004)", "POINT_X": -71.09093936599999, "POINT_Y": 42.34382802600004}}, {"type": "Feature", "id": 776, "geometry": {"type": "Point", "coordinates": [-71.09068187399998, 42.34419279900004]}, "properties": {"OBJECTID": 776, "Count_": 581, "Int_Number": 407, "Location": "Fenway & Westland Ave", "Dist": "BP", "shape_wkt": "POINT (-71.090681873999984 42.344192799000041)", "POINT_X": -71.09068187399998, "POINT_Y": 42.34419279900004}}, {"type": "Feature", "id": 777, "geometry": {"type": "Point", "coordinates": [-71.09235557299996, 42.346873017000064]}, "properties": {"OBJECTID": 777, "Count_": 216, "Int_Number": 9007, "Location": "Bowker Overpass & Boylston St", "Dist": "BP", "shape_wkt": "POINT (-71.092355572999963 42.346873017000064)", "POINT_X": -71.09235557299996, "POINT_Y": 42.346873017000064}}, {"type": "Feature", "id": 778, "geometry": {"type": "Point", "coordinates": [-71.10325606999999, 42.343732868000075]}, "properties": {"OBJECTID": 778, "Count_": 769, "Int_Number": 9001, "Location": "Park Dr @ Landmark Center Entrance", "Dist": "BP", "shape_wkt": "POINT (-71.103256069999986 42.343732868000075)", "POINT_X": -71.10325606999999, "POINT_Y": 42.343732868000075}}, {"type": "Feature", "id": 779, "geometry": {"type": "Point", "coordinates": [-71.10417874999996, 42.34412936000007]}, "properties": {"OBJECTID": 779, "Count_": 768, "Int_Number": 9000, "Location": "Park Dr & Riverway", "Dist": "BP", "shape_wkt": "POINT (-71.10417874999996 42.344129360000068)", "POINT_X": -71.10417874999996, "POINT_Y": 42.34412936000007}}, {"type": "Feature", "id": 780, "geometry": {"type": "Point", "coordinates": [-71.08072551399994, 42.34914080500005]}, "properties": {"OBJECTID": 780, "Count_": 228, "Int_Number": 3131, "Location": "Boylston St & Ring Rd", "Dist": "BP", "shape_wkt": "POINT (-71.080725513999937 42.349140805000047)", "POINT_X": -71.08072551399994, "POINT_Y": 42.34914080500005}}, {"type": "Feature", "id": 781, "geometry": {"type": "Point", "coordinates": [-71.08234347799998, 42.34872684700008]}, "properties": {"OBJECTID": 781, "Count_": 230, "Int_Number": 3132, "Location": "Boylston St @ Prudential Service Entrance", "Dist": "BP", "shape_wkt": "POINT (-71.082343477999984 42.34872684700008)", "POINT_X": -71.08234347799998, "POINT_Y": 42.34872684700008}}, {"type": "Feature", "id": 782, "geometry": {"type": "Point", "coordinates": [-71.05318250199997, 42.36055615600003]}, "properties": {"OBJECTID": 782, "Count_": 725, "Int_Number": 4117, "Location": "Mercantile St & Surface Rd SB", "Dist": "BP", "shape_wkt": "POINT (-71.05318250199997 42.36055615600003)", "POINT_X": -71.05318250199997, "POINT_Y": 42.36055615600003}}, {"type": "Feature", "id": 783, "geometry": {"type": "Point", "coordinates": [-71.04530753599994, 42.34798149400007]}, "properties": {"OBJECTID": 783, "Count_": 822, "Int_Number": 4111, "Location": "Summer St & West Side Dr", "Dist": "SB", "shape_wkt": "POINT (-71.045307535999939 42.347981494000067)", "POINT_X": -71.04530753599994, "POINT_Y": 42.34798149400007}}, {"type": "Feature", "id": 784, "geometry": {"type": "Point", "coordinates": [-71.09023873199999, 42.33546776400004]}, "properties": {"OBJECTID": 784, "Count_": 798, "Int_Number": 3068, "Location": "Ruggles St @ MBTA Station Bus Dr", "Dist": "RX", "shape_wkt": "POINT (-71.090238731999989 42.335467764000043)", "POINT_X": -71.09023873199999, "POINT_Y": 42.33546776400004}}, {"type": "Feature", "id": 785, "geometry": {"type": "Point", "coordinates": [-71.11323964399998, 42.30185292600004]}, "properties": {"OBJECTID": 785, "Count_": 749, "Int_Number": 2319, "Location": "New Washington St @ Forest Hills MBTA Ped Crossing", "Dist": "WR", "shape_wkt": "POINT (-71.113239643999975 42.301852926000038)", "POINT_X": -71.11323964399998, "POINT_Y": 42.30185292600004}}, {"type": "Feature", "id": 786, "geometry": {"type": "Point", "coordinates": [-71.11497771499995, 42.29971040000004]}, "properties": {"OBJECTID": 786, "Count_": 844, "Int_Number": 1712, "Location": "Washington St @ Forest Hill MBTA Station Busway", "Dist": "WR", "shape_wkt": "POINT (-71.114977714999952 42.299710400000038)", "POINT_X": -71.11497771499995, "POINT_Y": 42.29971040000004}}, {"type": "Feature", "id": 787, "geometry": {"type": "Point", "coordinates": [-71.11293372399996, 42.30090690000003]}, "properties": {"OBJECTID": 787, "Count_": 669, "Int_Number": 2303, "Location": "Hyde Park Ave & Forest Hills MBTA Station Busway Entrance", "Dist": "WR", "shape_wkt": "POINT (-71.112933723999959 42.30090690000003)", "POINT_X": -71.11293372399996, "POINT_Y": 42.30090690000003}}, {"type": "Feature", "id": 788, "geometry": {"type": "Point", "coordinates": [-71.06773639699998, 42.37420197200004]}, "properties": {"OBJECTID": 788, "Count_": 96, "Int_Number": 164, "Location": "Austin St & Rutherford Ave", "Dist": "CH", "shape_wkt": "POINT (-71.067736396999976 42.374201972000037)", "POINT_X": -71.06773639699998, "POINT_Y": 42.37420197200004}}, {"type": "Feature", "id": 789, "geometry": {"type": "Point", "coordinates": [-71.06803680399997, 42.38165199200006]}, "properties": {"OBJECTID": 789, "Count_": 261, "Int_Number": 977, "Location": "Bunker Hill St @ White Pool", "Dist": "CH", "shape_wkt": "POINT (-71.068036803999973 42.381651992000059)", "POINT_X": -71.06803680399997, "POINT_Y": 42.38165199200006}}, {"type": "Feature", "id": 790, "geometry": {"type": "Point", "coordinates": [-71.07612634699996, 42.38330038700008]}, "properties": {"OBJECTID": 790, "Count_": 275, "Int_Number": 3114, "Location": "Cambridge St & Ramp CL", "Dist": "CH", "shape_wkt": "POINT (-71.076126346999956 42.383300387000077)", "POINT_X": -71.07612634699996, "POINT_Y": 42.38330038700008}}, {"type": "Feature", "id": 791, "geometry": {"type": "Point", "coordinates": [-71.06492544199995, 42.37236310800006]}, "properties": {"OBJECTID": 791, "Count_": 787, "Int_Number": 2345, "Location": "Ramp TL & Rutherford Ave", "Dist": "CH", "shape_wkt": "POINT (-71.064925441999947 42.372363108000059)", "POINT_X": -71.06492544199995, "POINT_Y": 42.37236310800006}}, {"type": "Feature", "id": 792, "geometry": {"type": "Point", "coordinates": [-71.10686948699998, 42.34856829300003]}, "properties": {"OBJECTID": 792, "Count_": 739, "Int_Number": 8001, "Location": "Mountfort St & St. Mary's St", "Dist": "BROOKLINE", "shape_wkt": "POINT (-71.106869486999983 42.348568293000028)", "POINT_X": -71.10686948699998, "POINT_Y": 42.34856829300003}}, {"type": "Feature", "id": 793, "geometry": {"type": "Point", "coordinates": [-71.10747030199997, 42.34135225500006]}, "properties": {"OBJECTID": 793, "Count_": 794, "Int_Number": 9021, "Location": "Riverway & Short St", "Dist": "BP", "shape_wkt": "POINT (-71.107470301999967 42.341352255000061)", "POINT_X": -71.10747030199997, "POINT_Y": 42.34135225500006}}, {"type": "Feature", "id": 794, "geometry": {"type": "Point", "coordinates": [-71.06221607099997, 42.35383310000003]}, "properties": {"OBJECTID": 794, "Count_": 99, "Int_Number": 3076, "Location": "Avenue de Lafayette & Washington St", "Dist": "BP", "shape_wkt": "POINT (-71.062216070999966 42.353833100000031)", "POINT_X": -71.06221607099997, "POINT_Y": 42.35383310000003}}, {"type": "Feature", "id": 795, "geometry": {"type": "Point", "coordinates": [-71.05936220099994, 42.35104217300005]}, "properties": {"OBJECTID": 795, "Count_": 114, "Int_Number": 1292, "Location": "Beach St & Surface Rd SB", "Dist": "BP", "shape_wkt": "POINT (-71.059362200999942 42.351042173000053)", "POINT_X": -71.05936220099994, "POINT_Y": 42.35104217300005}}, {"type": "Feature", "id": 796, "geometry": {"type": "Point", "coordinates": [-71.05848243599996, 42.364377244000025]}, "properties": {"OBJECTID": 796, "Count_": 169, "Int_Number": 4120, "Location": "Beverly St & North Washington St", "Dist": "BP", "shape_wkt": "POINT (-71.058482435999963 42.364377244000025)", "POINT_X": -71.05848243599996, "POINT_Y": 42.364377244000025}}, {"type": "Feature", "id": 797, "geometry": {"type": "Point", "coordinates": [-71.05895450499997, 42.36486873200005]}, "properties": {"OBJECTID": 797, "Count_": 170, "Int_Number": 4121, "Location": "Beverly St & Valenti St", "Dist": "BP", "shape_wkt": "POINT (-71.058954504999974 42.364868732000048)", "POINT_X": -71.05895450499997, "POINT_Y": 42.36486873200005}}, {"type": "Feature", "id": 798, "geometry": {"type": "Point", "coordinates": [-71.05820348699996, 42.364377244000025]}, "properties": {"OBJECTID": 798, "Count_": 0, "Int_Number": 4095, "Location": "Cooper St, Cross St, North Washington St, & Ramp ST-SA", "Dist": "BP", "shape_wkt": "POINT (-71.058203486999957 42.364377244000025)", "POINT_X": -71.05820348699996, "POINT_Y": 42.364377244000025}}, {"type": "Feature", "id": 799, "geometry": {"type": "Point", "coordinates": [-71.11455142999995, 42.30095887700003]}, "properties": {"OBJECTID": 799, "Count_": 0, "Int_Number": 2165, "Location": "South St & Washington St @ Forest Hill MBTA Busway Exit", "Dist": "WR", "shape_wkt": "POINT (-71.114551429999949 42.300958877000028)", "POINT_X": -71.11455142999995, "POINT_Y": 42.30095887700003}}, {"type": "Feature", "id": 800, "geometry": {"type": "Point", "coordinates": [-71.11442268299999, 42.30189523100006]}, "properties": {"OBJECTID": 800, "Count_": 0, "Int_Number": 2163, "Location": "Arborway EB Off-ramp, South St, & Washington St", "Dist": "WR", "shape_wkt": "POINT (-71.114422682999987 42.30189523100006)", "POINT_X": -71.11442268299999, "POINT_Y": 42.30189523100006}}, {"type": "Feature", "id": 801, "geometry": {"type": "Point", "coordinates": [-71.11474454899997, 42.27762489100007]}, "properties": {"OBJECTID": 801, "Count_": 468, "Int_Number": 1564, "Location": "Cummins Hwy @ Shopping Center", "Dist": "WR", "shape_wkt": "POINT (-71.114744548999965 42.277624891000073)", "POINT_X": -71.11474454899997, "POINT_Y": 42.27762489100007}}, {"type": "Feature", "id": 802, "geometry": {"type": "Point", "coordinates": [-71.10736310899995, 42.27246485000006]}, "properties": {"OBJECTID": 802, "Count_": 467, "Int_Number": 955, "Location": "Cummins Hwy @ #610 (near Hebron St)", "Dist": "DO", "shape_wkt": "POINT (-71.107363108999948 42.272464850000063)", "POINT_X": -71.10736310899995, "POINT_Y": 42.27246485000006}}, {"type": "Feature", "id": 803, "geometry": {"type": "Point", "coordinates": [-71.06274209199995, 42.29140118200007]}, "properties": {"OBJECTID": 803, "Count_": 516, "Int_Number": 468, "Location": "Dorchester Ave @ St. Mark's Church", "Dist": "DO", "shape_wkt": "POINT (-71.062742091999951 42.291401182000072)", "POINT_X": -71.06274209199995, "POINT_Y": 42.29140118200007}}, {"type": "Feature", "id": 804, "geometry": {"type": "Point", "coordinates": [-71.05420193899994, 42.32145733400006]}, "properties": {"OBJECTID": 804, "Count_": 379, "Int_Number": 2059, "Location": "Columbia Rd & Pulaski I-93 SB Ramps", "Dist": "DO", "shape_wkt": "POINT (-71.054201938999938 42.321457334000058)", "POINT_X": -71.05420193899994, "POINT_Y": 42.32145733400006}}, {"type": "Feature", "id": 805, "geometry": {"type": "Point", "coordinates": [-71.09237708599994, 42.27120597700008]}, "properties": {"OBJECTID": 805, "Count_": 106, "Int_Number": 555, "Location": "Babson St & Freemont St", "Dist": "DO", "shape_wkt": "POINT (-71.092377085999942 42.271205977000079)", "POINT_X": -71.09237708599994, "POINT_Y": 42.27120597700008}}, {"type": "Feature", "id": 806, "geometry": {"type": "Point", "coordinates": [-71.08255667399999, 42.271353341000065]}, "properties": {"OBJECTID": 806, "Count_": 792, "Int_Number": 971, "Location": "River St @ Mattapan Heights", "Dist": "DO", "shape_wkt": "POINT (-71.082556673999989 42.271353341000065)", "POINT_X": -71.08255667399999, "POINT_Y": 42.271353341000065}}, {"type": "Feature", "id": 807, "geometry": {"type": "Point", "coordinates": [-71.08611864699998, 42.27076585300006]}, "properties": {"OBJECTID": 807, "Count_": 793, "Int_Number": 968, "Location": "River St @ Ryan Playground", "Dist": "DO", "shape_wkt": "POINT (-71.086118646999978 42.270765853000057)", "POINT_X": -71.08611864699998, "POINT_Y": 42.27076585300006}}, {"type": "Feature", "id": 808, "geometry": {"type": "Point", "coordinates": [-71.04835314399998, 42.34634800300006]}, "properties": {"OBJECTID": 808, "Count_": 808, "Int_Number": 9063, "Location": "South Boston Haul Rd & West Service Rd Exit", "Dist": "SB", "shape_wkt": "POINT (-71.048353143999975 42.34634800300006)", "POINT_X": -71.04835314399998, "POINT_Y": 42.34634800300006}}, {"type": "Feature", "id": 809, "geometry": {"type": "Point", "coordinates": [-71.06303019199999, 42.330677284000046]}, "properties": {"OBJECTID": 809, "Count_": 813, "Int_Number": 9989, "Location": "Southampton St & South Bay Dr", "Dist": "RX", "shape_wkt": "POINT (-71.063030191999985 42.330677284000046)", "POINT_X": -71.06303019199999, "POINT_Y": 42.330677284000046}}, {"type": "Feature", "id": 810, "geometry": {"type": "Point", "coordinates": [-71.06963915499995, 42.332025627000064]}, "properties": {"OBJECTID": 810, "Count_": 814, "Int_Number": 429, "Location": "Southampton St @ #112", "Dist": "RX", "shape_wkt": "POINT (-71.069639154999948 42.332025627000064)", "POINT_X": -71.06963915499995, "POINT_Y": 42.332025627000064}}, {"type": "Feature", "id": 811, "geometry": {"type": "Point", "coordinates": [-71.13762888599996, 42.238845241000035]}, "properties": {"OBJECTID": 811, "Count_": 848, "Int_Number": 2246, "Location": "West Milton St @ #79", "Dist": "HP", "shape_wkt": "POINT (-71.137628885999959 42.238845241000035)", "POINT_X": -71.13762888599996, "POINT_Y": 42.238845241000035}}, {"type": "Feature", "id": 812, "geometry": {"type": "Point", "coordinates": [-71.15247539199999, 42.35702317500005]}, "properties": {"OBJECTID": 812, "Count_": 754, "Int_Number": 1133, "Location": "North Beacon St @ #265", "Dist": "AB", "shape_wkt": "POINT (-71.152475391999985 42.357023175000052)", "POINT_X": -71.15247539199999, "POINT_Y": 42.35702317500005}}, {"type": "Feature", "id": 813, "geometry": {"type": "Point", "coordinates": [-71.03900722199995, 42.371736174000034]}, "properties": {"OBJECTID": 813, "Count_": 727, "Int_Number": 2309, "Location": "Meridian St @ #65", "Dist": "EB", "shape_wkt": "POINT (-71.039007221999952 42.371736174000034)", "POINT_X": -71.03900722199995, "POINT_Y": 42.371736174000034}}, {"type": "Feature", "id": 814, "geometry": {"type": "Point", "coordinates": [-71.02353624099999, 42.38069229300004]}, "properties": {"OBJECTID": 814, "Count_": 156, "Int_Number": 4126, "Location": "Bennington St @ Wood Island MBTA Station", "Dist": "EB", "shape_wkt": "POINT (-71.023536240999988 42.380692293000038)", "POINT_X": -71.02353624099999, "POINT_Y": 42.38069229300004}}, {"type": "Feature", "id": 815, "geometry": {"type": "Point", "coordinates": [-71.13018544199997, 42.352773521000074]}, "properties": {"OBJECTID": 815, "Count_": 242, "Int_Number": 1441, "Location": "Brighton Ave & Linden Ave", "Dist": "AB", "shape_wkt": "POINT (-71.13018544199997 42.352773521000074)", "POINT_X": -71.13018544199997, "POINT_Y": 42.352773521000074}}, {"type": "Feature", "id": 816, "geometry": {"type": "Point", "coordinates": [-71.13276036199994, 42.35554851400008]}, "properties": {"OBJECTID": 816, "Count_": 282, "Int_Number": 621, "Location": "Cambridge St, Franklin St, & Harvard Ave", "Dist": "AB", "shape_wkt": "POINT (-71.132760361999942 42.355548514000077)", "POINT_X": -71.13276036199994, "POINT_Y": 42.35554851400008}}, {"type": "Feature", "id": 817, "geometry": {"type": "Point", "coordinates": [-71.14134343099994, 42.34585929100007]}, "properties": {"OBJECTID": 817, "Count_": 415, "Int_Number": 470, "Location": "Commonwealth Ave & Summit Ave", "Dist": "AB", "shape_wkt": "POINT (-71.141343430999939 42.345859291000068)", "POINT_X": -71.14134343099994, "POINT_Y": 42.34585929100007}}, {"type": "Feature", "id": 818, "geometry": {"type": "Point", "coordinates": [-71.10904166699999, 42.34890418400005]}, "properties": {"OBJECTID": 818, "Count_": 293, "Int_Number": 8000, "Location": "Carlton St & Mountfort St", "Dist": "BROOKLINE", "shape_wkt": "POINT (-71.109041666999985 42.348904184000048)", "POINT_X": -71.10904166699999, "POINT_Y": 42.34890418400005}}, {"type": "Feature", "id": 819, "geometry": {"type": "Point", "coordinates": [-71.06850812399995, 42.35445438900007]}, "properties": {"OBJECTID": 819, "Count_": 334, "Int_Number": 624, "Location": "Charles St @ Center Gate (Boston Common)", "Dist": "BP", "shape_wkt": "POINT (-71.068508123999948 42.354454389000068)", "POINT_X": -71.06850812399995, "POINT_Y": 42.35445438900007}}, {"type": "Feature", "id": 820, "geometry": {"type": "Point", "coordinates": [-71.09854886499994, 42.32411257100006]}, "properties": {"OBJECTID": 820, "Count_": 396, "Int_Number": 4125, "Location": "Columbus Ave @ Jackson Sq MBTA Busway", "Dist": "RX", "shape_wkt": "POINT (-71.098548864999941 42.324112571000057)", "POINT_X": -71.09854886499994, "POINT_Y": 42.32411257100006}}, {"type": "Feature", "id": 821, "geometry": {"type": "Point", "coordinates": [-71.09966466399999, 42.32271646400005]}, "properties": {"OBJECTID": 821, "Count_": 306, "Int_Number": 3067, "Location": "Centre St @ Jackson Sq MBTA Station", "Dist": "RX", "shape_wkt": "POINT (-71.099664663999988 42.322716464000052)", "POINT_X": -71.09966466399999, "POINT_Y": 42.32271646400005}}, {"type": "Feature", "id": 822, "geometry": {"type": "Point", "coordinates": [-71.08457992099994, 42.33475687300006]}, "properties": {"OBJECTID": 822, "Count_": 675, "Int_Number": 2087, "Location": "Kerr Way & Melnea Cass Blvd", "Dist": "RX", "shape_wkt": "POINT (-71.084579920999943 42.33475687300006)", "POINT_X": -71.08457992099994, "POINT_Y": 42.33475687300006}}, {"type": "Feature", "id": 823, "geometry": {"type": "Point", "coordinates": [-71.08653256899998, 42.34489187300005]}, "properties": {"OBJECTID": 823, "Count_": 710, "Int_Number": 132, "Location": "Massachusetts Ave @ #216", "Dist": "BP", "shape_wkt": "POINT (-71.086532568999985 42.344891873000051)", "POINT_X": -71.08653256899998, "POINT_Y": 42.34489187300005}}, {"type": "Feature", "id": 824, "geometry": {"type": "Point", "coordinates": [-71.03934714799993, 42.34896761700003]}, "properties": {"OBJECTID": 824, "Count_": 0, "Int_Number": 606, "Location": "D St & Northern Ave", "Dist": "SB", "shape_wkt": "POINT (-71.039347147999933 42.348967617000028)", "POINT_X": -71.03934714799993, "POINT_Y": 42.34896761700003}}, {"type": "Feature", "id": 825, "geometry": {"type": "Point", "coordinates": [-71.04078481199997, 42.34749276800005]}, "properties": {"OBJECTID": 825, "Count_": 476, "Int_Number": 3129, "Location": "D St & MBTA Silver Line Transitway", "Dist": "SB", "shape_wkt": "POINT (-71.04078481199997 42.347492768000052)", "POINT_X": -71.04078481199997, "POINT_Y": 42.34749276800005}}, {"type": "Feature", "id": 826, "geometry": {"type": "Point", "coordinates": [-71.04151437299998, 42.34682669500006]}, "properties": {"OBJECTID": 826, "Count_": 478, "Int_Number": 4116, "Location": "D St & Ramp DB", "Dist": "SB", "shape_wkt": "POINT (-71.041514372999984 42.346826695000061)", "POINT_X": -71.04151437299998, "POINT_Y": 42.34682669500006}}, {"type": "Feature", "id": 827, "geometry": {"type": "Point", "coordinates": [-71.07586810599997, 42.34706813500003]}, "properties": {"OBJECTID": 827, "Count_": 492, "Int_Number": 2302, "Location": "Dartmouth St @ MBTA Back Bay Station", "Dist": "BP", "shape_wkt": "POINT (-71.075868105999973 42.347068135000029)", "POINT_X": -71.07586810599997, "POINT_Y": 42.34706813500003}}, {"type": "Feature", "id": 828, "geometry": {"type": "Point", "coordinates": [-71.04653546799995, 42.347750064000024]}, "properties": {"OBJECTID": 828, "Count_": 203, "Int_Number": 9062, "Location": "Boston Haul Rd, Mass Haul Rd, & Ramp CT-S", "Dist": "SB", "shape_wkt": "POINT (-71.046535467999945 42.347750064000024)", "POINT_X": -71.04653546799995, "POINT_Y": 42.347750064000024}}, {"type": "Feature", "id": 829, "geometry": {"type": "Point", "coordinates": [-71.06584737299994, 42.33588662200003]}, "properties": {"OBJECTID": 829, "Count_": 601, "Int_Number": 9993, "Location": "Frontage Rd SB, Ramp A2, & Ramp I", "Dist": "SB", "shape_wkt": "POINT (-71.06584737299994 42.335886622000032)", "POINT_X": -71.06584737299994, "POINT_Y": 42.33588662200003}}, {"type": "Feature", "id": 830, "geometry": {"type": "Point", "coordinates": [-71.12524220899996, 42.252081015000044]}, "properties": {"OBJECTID": 830, "Count_": 670, "Int_Number": 3065, "Location": "Hyde Park Ave @ Blake Estates/Shaw's Market", "Dist": "HP", "shape_wkt": "POINT (-71.125242208999964 42.252081015000044)", "POINT_X": -71.12524220899996, "POINT_Y": 42.252081015000044}}, {"type": "Feature", "id": 831, "geometry": {"type": "Point", "coordinates": [-71.04464533499998, 42.34407579400005]}, "properties": {"OBJECTID": 831, "Count_": 484, "Int_Number": 3130, "Location": "D St @ Mid-block Ped Crossing", "Dist": "SB", "shape_wkt": "POINT (-71.044645334999984 42.344075794000048)", "POINT_X": -71.04464533499998, "POINT_Y": 42.34407579400005}}, {"type": "Feature", "id": 832, "geometry": {"type": "Point", "coordinates": [-71.08246471499996, 42.30748684100007]}, "properties": {"OBJECTID": 832, "Count_": 845, "Int_Number": 1429, "Location": "Washington St @ Ladder #23", "Dist": "DO", "shape_wkt": "POINT (-71.082464714999958 42.30748684100007)", "POINT_X": -71.08246471499996, "POINT_Y": 42.30748684100007}}, {"type": "Feature", "id": 833, "geometry": {"type": "Point", "coordinates": [-71.09625364299995, 42.33743032000007]}, "properties": {"OBJECTID": 833, "Count_": 659, "Int_Number": 3097, "Location": "Huntington Ave @ Engine #37", "Dist": "RX", "shape_wkt": "POINT (-71.096253642999955 42.337430320000067)", "POINT_X": -71.09625364299995, "POINT_Y": 42.33743032000007}}, {"type": "Feature", "id": 834, "geometry": {"type": "Point", "coordinates": [-71.12738353999998, 42.27500091600007]}, "properties": {"OBJECTID": 834, "Count_": 779, "Int_Number": 1901, "Location": "Poplar St @ Conley School", "Dist": "WR", "shape_wkt": "POINT (-71.127383539999983 42.275000916000067)", "POINT_X": -71.12738353999998, "POINT_Y": 42.27500091600007}}, {"type": "Feature", "id": 835, "geometry": {"type": "Point", "coordinates": [-71.07123399699998, 42.34908731200005]}, "properties": {"OBJECTID": 835, "Count_": 395, "Int_Number": 405, "Location": "Columbus Ave @ Engine #7", "Dist": "BP", "shape_wkt": "POINT (-71.071233996999979 42.349087312000051)", "POINT_X": -71.07123399699998, "POINT_Y": 42.34908731200005}}, {"type": "Feature", "id": 836, "geometry": {"type": "Point", "coordinates": [-71.00005889899995, 42.38426721500008]}, "properties": {"OBJECTID": 836, "Count_": 802, "Int_Number": 1811, "Location": "Saratoga St @ #1158", "Dist": "EB", "shape_wkt": "POINT (-71.000058898999953 42.384267215000079)", "POINT_X": -71.00005889899995, "POINT_Y": 42.38426721500008}}, {"type": "Feature", "id": 837, "geometry": {"type": "Point", "coordinates": [-71.09958858799996, 42.348149113000034]}, "properties": {"OBJECTID": 837, "Count_": 134, "Int_Number": 1340, "Location": "Beacon St @ #712", "Dist": "BP", "shape_wkt": "POINT (-71.099588587999961 42.348149113000034)", "POINT_X": -71.09958858799996, "POINT_Y": 42.348149113000034}}]}